Quarterback;Attempt;Completion;Yards;Yards per attempt;Touchdowns;Interceptions;Longest;Sack;Loss;QB Rating;Points;Home/Away;Year;W/L
Drew Brees;19;15;160;8.4;2;0;30;1;0;136.8;34;away;2002;W
Drew Bledsoe;39;26;271;6.9;1;2;52;4;29;73.8;31;home;2002;L
Peyton Manning;31;19;211;6.8;3;0;28;1;8;113.8;28;away;2002;W
Quincy Carter;30;13;131;4.4;0;1;31;3;19;42.5;10;away;2002;L
Tom Brady;43;29;294;6.8;3;0;40t;2;14;110;30;home;2002;W
Peyton Manning;45;26;289;6.4;1;3;33;0;0;56.6;13;home;2002;L
Quincy Carter;24;14;240;10;2;0;44;1;10;120.1;21;home;2002;W
Tom Brady;35;25;269;7.7;2;1;49t;0;0;100.8;44;away;2002;W
Drew Brees;28;15;163;5.8;1;1;35t;2;20;68;24;home;2002;W
Drew Bledsoe;49;35;463;9.4;3;0;48t;3;26;121.4;45;away;2002;W
Tom Brady;54;39;410;7.6;4;1;38t;4;11;110.9;41;home;2002;W
Quincy Carter;35;21;201;5.7;0;1;19;3;18;64.1;13;away;2002;L
Peyton Manning;28;21;272;9.7;2;0;43t;3;21;128.9;23;away;2002;W
Drew Brees;31;17;181;5.8;0;1;21;2;17;58.7;23;away;2002;W
Drew Bledsoe;41;27;283;6.9;2;0;44;4;31;102;23;away;2002;L
Drew Bledsoe;36;28;328;9.1;4;0;35;2;21;141.7;33;home;2002;W
Quincy Carter;36;26;204;5.7;1;1;34;2;11;83.6;13;away;2002;W
Tom Brady;53;36;353;6.7;2;2;26;0;0;83.3;14;away;2002;L
Drew Brees;18;10;104;5.8;1;0;52t;0;0;91;21;home;2002;W
Tom Brady;31;17;240;7.7;2;2;34t;3;32;74.7;13;away;2002;L
Peyton Manning;34;21;224;6.6;2;1;69;0;0;88.4;28;home;2002;W
Quincy Carter;42;23;262;6.2;1;0;33;2;13;81.6;17;home;2002;L
Drew Bledsoe;53;32;417;7.9;2;3;54;5;18;74.2;31;home;2002;L
Drew Brees;42;26;235;5.6;1;2;30;0;0;65.1;9;away;2002;L
Quincy Carter;32;15;225;7;2;1;80t;6;51;78.3;14;home;2002;W
Peyton Manning;40;30;284;7.1;1;1;39;5;27;92.1;22;home;2002;W
Tom Brady;44;24;183;4.2;1;3;18;2;17;44;10;home;2002;L
Drew Bledsoe;33;19;254;7.7;2;0;35;3;24;102.3;31;away;2002;W
Drew Brees;41;28;319;7.8;2;2;29;1;7;87.3;35;home;2002;W
Drew Bledsoe;31;15;182;5.9;1;0;70t;5;20;77.6;23;away;2002;W
Drew Brees;25;16;170;6.8;2;0;31;2;9;110.4;27;away;2002;W
Quincy Carter;22;13;202;9.2;1;4;78t;2;8;65.2;6;away;2002;L
Peyton Manning;48;32;304;6.3;1;3;41t;2;9;64.9;10;away;2002;L
Drew Bledsoe;36;21;302;8.4;1;0;59t;4;33;94.9;24;home;2002;W
Chad Hutchinson;24;12;145;6;1;0;39t;2;13;82.8;14;home;2002;W
Tom Brady;29;15;130;4.5;1;0;17;5;20;75.4;16;home;2002;L
Peyton Manning;32;21;214;6.7;2;2;21;3;19;79.4;21;away;2002;L
Chad Hutchinson;39;22;208;5.3;0;0;30;5;58;71.3;7;away;2002;L
Tom Brady;26;22;265;10.2;3;0;31;1;2;147.6;38;away;2002;W
Drew Bledsoe;45;28;302;6.7;1;1;22;4;36;80;7;home;2002;L
Peyton Manning;50;37;327;6.5;2;1;39;3;29;96;15;home;2002;L
Drew Brees;35;22;192;5.5;1;2;26;2;22;63;13;home;2002;L
Peyton Manning;23;18;319;13.9;3;0;57t;0;0;158.3;35;away;2002;W
Drew Brees;20;12;139;7;0;2;26;1;9;41.5;24;away;2002;L
Tom Brady;55;36;328;6;3;1;36t;2;13;92.1;33;away;2002;W
Chad Hutchinson;23;11;131;5.7;0;0;24;5;37;65.7;3;away;2002;L
Peyton Manning;38;29;252;6.6;2;1;31t;0;0;99.9;20;home;2002;W
Drew Bledsoe;36;24;225;6.2;1;1;20;2;14;81.4;16;away;2002;L
Drew Brees;50;29;336;6.7;2;1;47;0;0;83.4;20;home;2002;W
Tom Brady;30;18;172;5.7;0;0;33;4;25;76;20;away;2002;L
Chad Hutchinson;24;16;301;12.5;2;2;49;3;14;102.8;21;home;2002;W
Drew Bledsoe;33;21;181;5.5;0;2;19;2;16;52.7;13;away;2002;L
Tom Brady;34;21;239;7;3;0;27;2;20;112.3;24;home;2002;W
Drew Brees;22;15;107;4.9;0;1;23;3;27;60.2;3;away;2002;L
Peyton Manning;44;27;229;5.2;0;1;24;2;13;65.4;23;away;2002;W
Tom Brady;30;18;210;7;0;1;28;0;0;67.4;20;away;2002;W
Chad Hutchinson;25;12;145;5.8;2;0;41t;4;28;92.9;27;home;2002;W
Drew Bledsoe;27;15;306;11.3;3;0;73t;4;36;132.6;38;home;2002;W
Peyton Manning;28;15;190;6.8;1;0;35;0;0;86.9;19;home;2002;W
Drew Brees;41;27;217;5.3;0;0;30;1;3;79;30;home;2002;W
Peyton Manning;42;26;297;7.1;1;3;49;1;0;61.3;17;away;2002;L
Drew Bledsoe;51;32;328;6.4;2;4;42;2;16;61.6;17;away;2002;L
Tom Brady;27;15;183;6.8;2;0;41;0;0;101.3;27;home;2002;W
Chad Hutchinson;28;11;147;5.2;0;2;58;0;0;26.9;27;home;2002;L
Drew Brees;41;22;239;5.8;0;3;28;2;13;40.6;7;home;2002;L
Peyton Manning;34;20;277;8.1;2;1;46;1;3;92.4;28;away;2002;W
Drew Brees;24;13;148;6.2;0;0;42;3;20;72.9;13;away;2002;L
Drew Bledsoe;33;11;107;3.2;0;0;17;2;6;43.4;20;home;2002;W
Chad Hutchinson;40;16;161;4;1;2;30;3;24;39.7;7;away;2002;L
Tom Brady;29;14;134;4.6;0;1;35;3;17;47.2;7;away;2002;L
Chad Hutchinson;24;15;128;5.3;0;1;24;7;50;59;3;home;2002;L
Drew Brees;40;26;242;6;2;0;32;1;7;98.1;22;away;2002;L
Peyton Manning;46;30;365;7.9;3;2;40t;2;16;93.1;27;home;2002;L
Drew Bledsoe;36;18;179;5;0;2;22;6;37;41.3;0;away;2002;L
Tom Brady;37;19;133;3.6;1;1;15;2;14;57.6;17;home;2002;L
Chad Hutchinson;23;12;189;8.2;1;1;46t;5;41;76.2;14;away;2002;L
Tom Brady;44;25;221;5;1;1;23;1;5;68.5;27;home;2002;W
Drew Bledsoe;31;23;231;7.5;1;0;28;2;6;105.7;27;home;2002;W
Peyton Manning;28;20;146;5.2;1;0;17;0;0;95.2;20;home;2002;W
Drew Brees;49;27;332;6.8;3;1;31t;3;26;88.1;28;home;2002;L
Peyton Manning;43;27;211;4.9;0;2;18;1;7;55.5;9;away;2003;L
Tom Brady;28;14;123;4.4;0;4;42;2;20;22.5;0;away;2003;L
Drew Bledsoe;28;17;230;8.2;1;1;49;2;15;83.9;31;home;2003;W
Drew Brees;33;18;202;6.1;2;2;23;3;34;68;14;away;2003;L
Quincy Carter;32;15;268;8.4;1;1;54;3;14;73.4;13;home;2003;L
Drew Bledsoe;25;19;314;12.6;2;0;54t;0;0;144.2;38;away;2003;W
Peyton Manning;21;14;173;8.2;1;0;42;1;9;107.8;33;home;2003;W
Drew Brees;41;20;182;4.4;1;1;23t;0;0;59.2;13;home;2003;L
Tom Brady;44;30;255;5.8;3;0;27;2;8;105.8;31;away;2003;W
Quincy Carter;40;25;321;8;0;1;27;4;25;77.2;35;away;2003;W
Peyton Manning;33;21;216;6.5;2;1;36;0;0;90;23;home;2003;W
Tom Brady;25;15;181;7.2;0;0;31;5;34;82.3;23;home;2003;W
Drew Brees;45;28;270;6;0;3;40;1;13;51.2;10;home;2003;L
Drew Bledsoe;25;10;98;3.9;0;2;18;4;21;18.4;7;away;2003;L
Tom Brady;38;25;289;7.6;2;3;29t;1;8;73.2;17;away;2003;L
Drew Bledsoe;43;27;296;6.9;1;0;23;2;9;90.8;13;home;2003;L
Drew Brees;31;21;187;6;1;1;37;0;0;81;31;away;2003;L
Quincy Carter;23;11;165;7.2;1;1;42;2;7;68.2;17;away;2003;W
Peyton Manning;25;20;314;12.6;6;0;79t;1;9;158.3;55;away;2003;W
Quincy Carter;31;20;277;8.9;2;1;51t;1;9;101.1;24;home;2003;W
Drew Bledsoe;35;19;211;6;1;0;28;4;34;82;22;home;2003;W
Tom Brady;31;17;219;7.1;1;0;58t;3;26;88;38;home;2003;W
Drew Brees;41;24;296;7.2;3;0;46t;4;19;105.3;21;away;2003;L
Peyton Manning;47;34;386;8.2;2;1;52;1;5;101.9;38;away;2003;W
Peyton Manning;34;23;293;8.6;1;1;33;0;0;91.9;20;home;2003;L
Tom Brady;21;8;112;5.3;0;0;39;2;21;56.1;17;home;2003;W
Quincy Carter;25;14;146;5.8;0;1;49;1;10;56.4;23;home;2003;L
Drew Bledsoe;40;24;202;5;0;1;20;7;62;62.7;3;away;2003;L
Quincy Carter;25;18;190;7.6;3;0;23;1;1;133.3;38;away;2003;W
Tom Brady;34;24;283;8.3;2;0;82t;1;10;115.2;19;away;2003;W
Drew Bledsoe;26;19;244;9.4;1;1;26;1;8;98.9;24;home;2003;W
Tom Brady;33;20;259;7.8;0;0;45;1;6;85.3;9;home;2003;W
Quincy Carter;25;15;140;5.6;0;2;28;4;22;42.1;0;away;2003;L
Peyton Manning;30;22;269;9;3;0;57t;0;0;133.9;30;home;2003;W
Drew Bledsoe;34;23;153;4.5;0;3;14;3;32;40.4;5;away;2003;L
Drew Brees;30;19;190;6.3;0;3;28;6;44;41.7;10;home;2003;L
Peyton Manning;37;23;266;7.2;1;1;51;4;25;81.6;23;away;2003;W
Quincy Carter;33;17;196;5.9;1;2;23;1;4;54.6;21;home;2003;W
Tom Brady;35;20;350;10;3;1;66t;0;0;108;30;away;2003;W
Peyton Manning;45;28;347;7.7;2;2;70;0;0;82.4;23;away;2003;L
Drew Bledsoe;34;17;104;3.1;0;0;18;3;19;56.5;6;away;2003;L
Quincy Carter;32;15;116;3.6;1;0;22;1;2;66.7;10;home;2003;W
Drew Bledsoe;26;15;184;7.1;0;0;36;4;31;79.6;10;home;2003;L
Peyton Manning;36;27;401;11.1;1;0;46t;1;8;120.3;38;home;2003;W
Quincy Carter;36;20;210;5.8;0;3;37;1;3;38;0;away;2003;L
Tom Brady;34;15;212;6.2;0;0;57;2;9;64.8;12;home;2003;W
Quincy Carter;43;29;254;5.9;2;1;24t;1;0;88.7;24;home;2003;W
Peyton Manning;42;26;229;5.5;0;0;35;1;6;76.4;17;away;2003;W
Drew Bledsoe;28;15;135;4.8;0;1;19;2;17;51.9;14;home;2003;L
Tom Brady;47;29;368;7.8;2;2;33;4;24;82.6;23;away;2003;W
Drew Bledsoe;29;19;252;8.7;2;0;31;3;16;115.9;24;away;2003;W
Tom Brady;35;26;236;6.7;2;2;31t;2;10;87.3;38;away;2003;W
Peyton Manning;48;29;278;5.8;4;1;26t;2;6;95.7;34;home;2003;L
Quincy Carter;24;15;93;3.9;1;2;18;3;18;49.5;10;away;2003;L
Peyton Manning;34;22;228;6.7;0;0;42;2;4;83.9;29;away;2003;W
Tom Brady;31;16;163;5.3;0;0;25;3;13;67;12;home;2003;W
Drew Bledsoe;15;9;72;4.8;1;1;14;2;19;66.5;17;home;2003;W
Peyton Manning;30;25;290;9.7;5;0;37t;1;9;146.5;38;home;2003;W
Drew Bledsoe;30;17;168;5.6;2;0;33;3;16;94.9;26;away;2003;L
Quincy Carter;24;10;108;4.5;1;0;23;3;4;69.4;27;away;2003;L
Tom Brady;34;22;228;6.7;2;0;32;2;16;103.6;27;home;2003;W
Drew Brees;48;28;363;7.6;2;1;68t;2;27;87.4;21;home;2003;L
Tom Brady;25;15;138;5.5;2;0;35t;0;0;101.8;21;away;2003;W
Drew Bledsoe;24;12;114;4.8;0;1;31;6;51;46.2;3;home;2003;L
Quincy Carter;25;17;240;9.6;1;0;64;3;18;112.1;19;home;2003;W
Drew Brees;26;16;198;7.6;1;2;57t;1;5;65.9;24;away;2003;L
Peyton Manning;23;12;146;6.3;0;0;63;2;10;72;17;home;2003;L
Drew Bledsoe;29;12;83;2.9;0;1;17;3;21;34.7;0;away;2003;L
Tom Brady;32;21;204;6.4;4;0;30;2;14;122.9;31;home;2003;W
Quincy Carter;47;27;290;6.2;1;3;30;3;23;56.2;7;away;2003;L
Peyton Manning;38;26;220;5.8;1;1;18;1;9;81;20;away;2003;W
Drew Brees;28;15;97;3.5;1;0;28;3;23;73.1;21;home;2003;W
Kerry Collins;35;22;244;7;1;1;57;1;10;81.1;10;away;2009;L
Ben Roethlisberger;43;33;363;8.4;1;2;34t;4;42;89.6;13;home;2009;W
Chad Pennington;29;21;176;6.1;1;1;21;4;13;84.8;7;away;2009;L
Matt Ryan;36;22;229;6.4;2;0;22;2;16;98;19;home;2009;W
Carson Palmer;33;21;247;7.5;0;2;34;3;26;61;7;home;2009;L
Peyton Manning;38;28;301;7.9;1;1;39;1;7;94.3;14;home;2009;W
Drew Brees;34;26;358;10.5;6;1;58t;0;0;137;45;home;2009;W
Joe Flacco;43;26;307;7.1;3;1;31t;1;4;95.8;38;home;2009;W
Eli Manning;29;20;256;8.8;1;1;30t;1;8;93.5;23;home;2009;W
Philip Rivers;36;24;252;7;1;1;25;3;12;84.5;24;away;2009;W
Carson Palmer;23;15;185;8;3;2;44;2;17;93.3;31;away;2009;W
Kerry Collins;33;21;216;6.5;2;1;69t;2;7;90;31;home;2009;L
Drew Brees;34;25;311;9.1;3;1;38;2;23;118.6;48;away;2009;W
Ben Roethlisberger;35;23;221;6.3;1;1;24;2;18;80.8;14;away;2009;L
Joe Flacco;26;17;190;7.3;2;1;27t;1;9;96.6;31;away;2009;W
Philip Rivers;45;25;436;9.7;2;2;81t;2;15;85;26;home;2009;L
Peyton Manning;23;14;303;13.2;2;0;80t;1;8;133.9;27;away;2009;W
Chad Pennington;33;22;183;5.5;0;1;21;2;19;68.1;23;home;2009;L
Ben Roethlisberger;31;22;276;8.9;1;1;51;1;5;95.6;20;away;2009;L
Carson Palmer;37;20;183;4.9;1;0;21;2;10;76.7;23;home;2009;W
Matt Ryan;28;17;199;7.1;0;0;26;0;0;82.3;10;away;2009;L
Eli Manning;24;14;161;6.7;2;0;24;0;0;106.4;24;away;2009;W
Joe Flacco;35;25;342;9.8;1;0;72t;1;9;111.8;34;home;2009;W
Drew Brees;29;16;172;5.9;0;0;32;2;16;72.8;27;away;2009;W
Kerry Collins;37;15;170;4.6;1;2;27;2;11;41.5;17;away;2009;L
Chad Henne;19;10;92;4.8;0;1;27;1;6;44.2;13;away;2009;L
Philip Rivers;33;18;303;9.2;0;0;55;2;17;85.8;23;home;2009;W
Peyton Manning;35;24;379;10.8;4;1;72;0;0;130.5;31;away;2009;W
Carson Palmer;44;23;230;5.2;2;1;27;2;9;73.1;23;away;2009;W
Peyton Manning;41;31;353;8.6;2;1;35;0;0;107.1;34;home;2009;W
Eli Manning;34;20;292;8.6;3;1;54t;1;8;104;27;away;2009;W
Joe Flacco;47;27;264;5.6;2;1;22;2;17;78.7;21;away;2009;L
Kerry Collins;48;29;284;5.9;1;2;42;0;0;66.7;17;away;2009;L
Drew Brees;32;20;190;5.9;0;0;36;0;0;78.9;24;home;2009;W
Chad Henne;22;14;115;5.2;1;0;18;6;29;92;38;home;2009;W
Philip Rivers;36;21;254;7.1;3;0;30t;3;19;107.9;28;away;2009;L
Ben Roethlisberger;33;26;333;10.1;2;0;35;3;19;128.9;38;home;2009;W
Ben Roethlisberger;30;23;277;9.2;3;1;47t;3;15;123.9;28;away;2009;W
Eli Manning;10;8;173;17.3;2;0;55;0;0;158.3;44;home;2009;W
Carson Palmer;31;18;271;8.7;1;1;73;1;10;84.2;17;away;2009;W
Joe Flacco;31;22;186;6;1;2;48t;2;11;70.1;14;home;2009;L
Matt Ryan;32;22;329;10.3;2;1;90t;0;0;110;45;away;2009;W
Peyton Manning;44;36;309;7;3;1;39t;0;0;109.2;31;away;2009;W
Kerry Collins;32;19;164;5.1;0;1;23;1;9;59.9;9;home;2009;L
Chad Henne;26;20;241;9.3;2;0;59;0;0;130.4;31;home;2009;W
Carson Palmer;35;23;259;7.4;1;1;50;1;9;85.3;17;home;2009;L
Joe Flacco;43;28;385;9;2;0;63;3;18;109.2;31;away;2009;L
Eli Manning;31;14;178;5.7;1;1;58;1;9;61;27;away;2009;L
Drew Brees;30;23;369;12.3;4;0;40;0;0;156.8;48;home;2009;W
Ben Roethlisberger;35;23;417;11.9;2;1;52t;3;14;113.6;27;home;2009;W
Kerry Collins;12;2;-7;-0.6;0;1;15;0;0;4.9;0;away;2009;L
Matt Ryan;33;19;185;5.6;2;2;40t;0;0;68.4;21;home;2009;W
Philip Rivers;33;20;274;8.3;1;0;25;5;36;97.3;23;home;2009;L
Carson Palmer;24;20;233;9.7;5;0;29;0;0;146.7;45;home;2009;W
Philip Rivers;30;18;268;8.9;3;0;58t;0;0;122.6;37;away;2009;W
Peyton Manning;34;23;235;6.9;3;0;27t;0;0;116.7;42;away;2009;W
Ben Roethlisberger;26;14;175;6.7;1;0;45;4;23;87.8;27;home;2009;W
Matt Ryan;35;19;198;5.7;2;2;30t;4;24;66.1;21;away;2009;L
Drew Brees;38;22;298;7.8;1;3;66;5;22;58.9;46;away;2009;W
Chad Henne;36;18;211;5.9;0;2;67;2;14;45;34;home;2009;L
Eli Manning;37;19;243;6.6;1;3;62t;3;23;47.5;17;home;2009;L
Peyton Manning;48;31;347;7.2;0;0;40;3;20;86;18;home;2009;W
Chad Henne;21;12;112;5.3;1;0;28;5;51;87.8;30;away;2009;W
Joe Flacco;25;20;175;7;1;0;21;2;8;109.2;30;home;2009;W
Philip Rivers;25;16;249;10;1;1;53;1;3;93.6;24;home;2009;W
Eli Manning;39;20;222;5.7;1;2;35;2;7;55.7;17;away;2009;L
Matt Ryan;42;19;289;6.9;1;3;68t;3;8;46.6;27;away;2009;L
Drew Brees;33;25;308;9.3;2;1;30;2;17;111.7;35;home;2009;W
Matt Ryan;24;17;135;5.6;1;1;14;3;10;81.1;31;home;2009;W
Joe Flacco;32;18;195;6.1;0;2;35;4;35;48.3;7;away;2009;L
Carson Palmer;33;20;224;6.8;1;0;32;1;1;91;17;home;2009;W
Peyton Manning;50;34;318;6.4;1;1;26;2;12;83.6;20;home;2009;W
Chad Henne;34;19;219;6.4;0;0;23;2;19;75.5;17;away;2009;L
Drew Brees;35;24;330;9.4;1;1;63;1;0;96.1;30;home;2009;W
Philip Rivers;36;24;209;5.8;3;2;29;2;17;86.5;21;away;2009;W
Eli Manning;33;25;215;6.5;2;0;29;5;27;112.6;20;home;2009;L
Ben Roethlisberger;29;21;233;8;3;1;35;3;31;116;28;away;2009;W
Vince Young;25;17;210;8.4;1;1;38;0;0;90.4;41;home;2009;W
Carson Palmer;30;18;178;5.9;0;0;25;2;21;76.8;18;away;2009;W
Ben Roethlisberger;40;20;174;4.3;0;1;21;4;28;51.5;12;home;2009;L
Drew Brees;26;18;223;8.6;2;2;27t;1;6;89.1;28;away;2009;W
Chad Henne;31;17;175;5.6;1;1;25;0;0;68.6;25;home;2009;W
Matt Ryan;41;22;224;5.5;1;2;34;0;0;57.4;19;away;2009;L
Philip Rivers;25;20;231;9.2;2;0;22;2;19;131.8;31;home;2009;W
Peyton Manning;44;28;327;7.4;4;2;29t;1;11;97.4;35;home;2009;W
Joe Flacco;18;13;155;8.6;0;0;41;2;9;98.1;16;away;2009;W
Chad Henne;29;17;172;5.9;1;0;36;0;0;87.1;24;away;2009;L
Ben Roethlisberger;42;32;398;9.5;3;2;41;2;13;109;24;away;2009;L
Matt Ryan;46;26;268;5.8;2;0;28;2;6;88;31;away;2009;L
Eli Manning;39;25;384;9.8;3;1;51;1;16;111.5;34;home;2009;W
Drew Brees;29;19;187;6.4;3;0;37;0;0;118;38;away;2009;W
Peyton Manning;31;22;299;9.6;1;2;66;0;0;85.3;17;away;2009;W
Joe Flacco;35;23;256;7.3;0;1;45;0;0;75.4;15;home;2009;L
Carson Palmer;22;14;207;9.4;0;1;40;3;36;75.4;17;away;2009;L
Philip Rivers;22;17;145;6.6;1;0;24;0;0;109.1;32;away;2009;W
Vince Young;22;12;116;5.3;1;0;27;0;0;84.7;20;away;2009;W
Eli Manning;40;24;230;5.8;0;1;36;3;20;65.6;6;away;2009;L
Chris Redman;41;23;243;5.9;2;0;22t;5;33;89.8;20;home;2009;W
Chad Henne;31;17;175;5.6;1;3;20;1;7;42.5;14;away;2009;L
Carson Palmer;24;13;110;4.6;1;0;19;3;14;80.2;16;home;2009;W
Vince Young;43;27;387;9;1;0;51;4;18;99.7;20;home;2009;W
Peyton Manning;35;27;244;7;3;2;31;2;16;100.2;35;away;2009;W
Philip Rivers;28;21;317;11.3;2;0;53;0;0;135.6;43;home;2009;W
Joe Flacco;35;23;289;8.3;1;0;54;5;28;100.8;20;home;2009;W
Drew Brees;23;18;371;16.1;5;0;75t;1;4;158.3;38;home;2009;W
Chris Redman;44;23;235;5.3;1;2;35;2;1;56.5;7;home;2009;L
Carson Palmer;29;17;220;7.6;1;2;36t;2;18;65.3;23;home;2009;W
Vince Young;43;24;241;5.6;2;1;25;1;8;77.8;17;away;2009;L
Peyton Manning;37;24;270;7.3;1;0;36;0;0;95.6;27;home;2009;W
Drew Brees;49;35;419;8.6;2;1;53t;1;11;102.3;33;away;2009;W
Ben Roethlisberger;24;18;278;11.6;2;1;57;1;9;123.3;24;home;2009;L
Philip Rivers;25;18;373;14.9;2;0;66t;1;8;140.8;30;away;2009;W
Eli Manning;25;11;241;9.6;2;1;74t;1;4;88.9;31;home;2009;W
Chad Henne;52;29;335;6.4;2;1;29;1;7;80.2;22;home;2009;W
Joe Flacco;36;15;137;3.8;1;3;23;3;18;27.2;14;away;2009;L
Ben Roethlisberger;32;18;201;6.3;0;0;24;8;60;75.1;6;away;2009;L
Drew Brees;40;31;296;7.4;3;0;42;0;0;122.5;26;away;2009;W
Chris Redman;34;23;303;8.9;1;1;50t;1;0;93.1;23;home;2009;L
Kerry Collins;19;11;154;8.1;1;0;44;0;0;101.6;47;home;2009;W
Peyton Manning;42;20;220;5.2;4;3;29;0;0;65.6;28;home;2009;W
Chad Henne;29;21;220;7.6;0;1;25;2;12;79.7;14;away;2009;L
Joe Flacco;20;13;230;11.5;1;0;62t;0;0;120.8;48;home;2009;W
Carson Palmer;25;15;94;3.8;1;0;15t;1;12;81.1;10;away;2009;L
Philip Rivers;32;21;272;8.5;1;1;39;1;4;89.6;20;away;2009;W
Eli Manning;38;27;391;10.3;3;0;68t;3;12;130.5;38;home;2009;L
Peyton Manning;30;23;308;10.3;4;1;65t;0;0;134.4;35;away;2009;W
Drew Brees;45;29;298;6.6;1;1;35;4;27;81.5;17;home;2009;L
Chad Henne;46;29;349;7.6;1;3;57;1;2;66.3;24;away;2009;L
Vince Young;27;14;236;8.7;3;1;41;2;0;103.3;27;home;2009;W
Matt Ryan;34;16;152;4.5;1;0;38;0;0;69.7;10;away;2009;W
Ben Roethlisberger;46;29;503;10.9;3;0;60t;5;31;121.9;37;home;2009;W
Joe Flacco;29;21;234;8.1;4;0;32t;2;22;135.6;31;home;2009;W
Carson Palmer;40;27;314;7.8;2;1;49t;2;21;97.3;24;away;2009;L
Philip Rivers;38;24;308;8.1;3;2;36;2;12;92.9;27;home;2009;W
Eli Manning;26;19;268;10.3;3;0;45;2;22;144.4;45;away;2009;W
Philip Rivers;27;21;264;9.8;2;0;36t;1;5;132.1;42;away;2009;W
Vince Young;21;8;89;4.2;0;2;15;1;1;11.9;17;home;2009;L
Matt Ryan;35;18;250;7.1;3;0;42t;3;16;103.3;31;home;2009;W
Carson Palmer;25;17;139;5.6;2;1;21;1;9;91.9;17;home;2009;W
Joe Flacco;25;13;166;6.6;2;1;30t;4;18;83.1;20;away;2009;L
Ben Roethlisberger;33;17;259;7.8;1;1;45;4;21;75.2;23;home;2009;W
Chad Henne;55;35;322;5.9;1;1;35;3;19;78;20;home;2009;L
Drew Brees;37;32;258;7;1;0;30t;1;9;104.7;17;home;2009;L
Eli Manning;43;29;296;6.9;1;2;27;4;39;75.3;9;home;2009;L
Peyton Manning;21;14;192;9.1;0;0;29;0;0;95.7;15;home;2009;L
Peyton Manning;18;14;95;5.3;0;1;17;0;0;65.5;7;away;2009;L
Matt Ryan;35;23;223;6.4;2;2;32;1;9;78.6;20;away;2009;W
Ben Roethlisberger;27;18;220;8.1;3;0;54t;3;19;128.6;30;away;2009;W
Chad Henne;20;16;140;7;1;1;24;2;10;91.7;24;home;2009;L
Eli Manning;23;17;141;6.1;0;1;26;3;21;71.1;7;away;2009;L
Vince Young;28;17;171;6.1;0;1;29;0;0;63.2;17;away;2009;W
Joe Flacco;19;11;102;5.4;0;0;23;4;12;72.7;21;away;2009;W
Drew Brees;36;27;237;6.6;1;0;29t;1;8;101.3;14;home;2010;W
Chad Henne;34;21;182;5.4;0;0;21;3;18;75.9;15;away;2010;W
Matt Ryan;44;27;252;5.7;0;1;23;2;15;67.6;9;away;2010;L
Peyton Manning;57;40;433;7.6;3;0;73t;2;14;109.8;24;away;2010;L
Eli Manning;30;20;263;8.8;3;3;31;1;5;87.9;31;home;2010;W
Carson Palmer;50;34;345;6.9;2;1;51;1;4;92.5;24;away;2010;L
Joe Flacco;38;20;248;6.5;0;1;38;2;15;62.2;10;away;2010;W
Philip Rivers;39;22;298;7.6;2;0;59t;2;18;98;14;away;2010;L
Kerry Collins;25;17;149;6;1;1;30;2;5;80.3;11;home;2010;L
Matt Ryan;32;21;225;7;3;0;24;1;2;117.3;41;home;2010;W
Joe Flacco;39;17;154;3.9;1;4;31t;1;4;23.8;10;away;2010;L
Carson Palmer;35;16;167;4.8;0;0;29;1;8;60.1;15;home;2010;W
Philip Rivers;29;22;334;11.5;3;2;54t;1;8;119;38;home;2010;W
Eli Manning;24;13;161;6.7;2;1;54t;4;24;85.6;14;away;2010;L
Peyton Manning;26;20;255;9.8;3;0;50t;1;5;145.5;38;home;2010;W
Drew Brees;38;28;254;6.7;2;0;30;2;17;108.9;25;away;2010;W
Carson Palmer;37;19;195;5.3;1;2;27;1;10;53.3;20;away;2010;W
Matt Ryan;30;19;228;7.6;2;0;34;2;13;108.8;27;away;2010;W
Drew Brees;38;30;365;9.6;3;2;80t;2;10;111.1;24;home;2010;L
Joe Flacco;31;22;262;8.5;3;0;34;0;0;128.7;24;home;2010;W
Eli Manning;48;34;386;8;0;2;54;2;22;77.3;10;home;2010;L
Philip Rivers;53;29;455;8.6;2;2;49;4;26;80.3;20;away;2010;L
Peyton Manning;43;27;325;7.6;3;0;48;0;0;109.2;27;away;2010;W
Chad Henne;44;26;363;8.2;2;1;40;2;11;91.4;23;home;2010;L
Matt Ryan;43;26;273;6.3;1;2;34;3;14;67.3;16;home;2010;W
Carson Palmer;36;25;371;10.3;2;0;78t;4;25;121.4;20;away;2010;L
Drew Brees;48;33;275;5.7;1;0;20;2;13;90.2;16;home;2010;W
Joe Flacco;37;24;256;6.9;1;1;40;1;6;82.7;17;away;2010;W
Peyton Manning;46;33;352;7.7;2;1;42;1;4;99.2;28;away;2010;L
Philip Rivers;20;15;241;12.1;2;0;33t;1;10;148.1;41;home;2010;W
Eli Manning;30;18;195;6.5;0;0;30;2;12;79.2;17;home;2010;W
Chad Henne;38;28;305;8;2;3;28t;2;12;81.6;14;home;2010;L
Peyton Manning;44;26;244;5.5;0;1;24;1;0;65;19;home;2010;W
Matt Ryan;28;16;187;6.7;1;0;45t;2;14;89.4;20;away;2010;W
Joe Flacco;25;14;196;7.8;0;0;58;1;14;81.4;31;home;2010;W
Eli Manning;42;27;297;7.1;3;2;45;0;0;89.1;34;away;2010;W
Carson Palmer;36;21;209;5.8;2;3;43t;0;0;58.7;21;home;2010;L
Drew Brees;39;24;279;7.2;2;3;39;1;6;68.2;20;away;2010;L
Philip Rivers;42;27;431;10.3;2;0;55;3;16;114.3;27;away;2010;L
Matt Ryan;42;23;250;6;2;1;42;3;22;78.5;17;away;2010;L
Philip Rivers;37;22;249;6.7;1;1;29;7;41;77.4;17;away;2010;L
Drew Brees;32;21;263;8.2;3;1;42t;0;0;109.2;31;away;2010;W
Eli Manning;30;20;177;5.9;2;0;33t;2;10;104.4;28;home;2010;W
Chad Henne;39;23;231;5.9;2;1;23;0;0;82.3;23;away;2010;W
Joe Flacco;35;27;285;8.1;2;0;25t;3;7;119.3;20;away;2010;L
Ben Roethlisberger;27;16;257;9.5;3;1;50;0;0;112.7;28;home;2010;W
Peyton Manning;38;25;307;8.1;2;0;57t;1;8;108.1;27;away;2010;W
Kerry Collins;31;17;276;8.9;3;2;80t;3;23;90.3;37;home;2010;W
Ben Roethlisberger;27;19;302;11.2;2;0;53t;3;12;132;23;away;2010;W
Chad Henne;36;23;257;7.1;1;1;26t;1;8;82.8;22;home;2010;L
Carson Palmer;50;36;412;8.2;3;0;64t;3;27;116.4;32;away;2010;L
Matt Ryan;33;24;299;9.1;3;1;46;0;0;118.1;39;home;2010;W
Drew Brees;56;37;356;6.4;2;4;29;3;20;65.8;17;home;2010;L
Joe Flacco;31;16;250;8.1;3;0;36;2;21;111;37;home;2010;W
Philip Rivers;50;34;336;6.7;1;1;26;2;11;85.1;20;home;2010;L
Eli Manning;35;25;306;8.7;4;3;32;1;9;100.4;41;away;2010;W
Chad Henne;37;24;217;5.9;0;1;25;0;0;69.3;22;away;2010;W
Carson Palmer;38;17;156;4.1;2;1;37t;0;0;63;14;home;2010;L
Philip Rivers;36;27;305;8.5;2;1;48t;1;5;106.8;33;home;2010;W
Ben Roethlisberger;28;17;195;7;0;1;25;3;24;66.8;10;away;2010;L
Drew Brees;44;34;305;6.9;2;1;50;2;17;101;20;home;2010;W
Peyton Manning;45;26;268;6;2;0;34;1;9;89.9;30;home;2010;W
Philip Rivers;23;17;295;12.8;4;1;55t;1;5;137.2;29;away;2010;W
Chad Henne;34;22;231;6.8;0;3;34;2;15;47.5;10;away;2010;L
Joe Flacco;27;20;266;9.9;2;0;34;4;23;129.6;26;home;2010;W
Matt Ryan;36;24;235;6.5;1;0;43;0;0;94.1;27;home;2010;W
Drew Brees;43;27;253;5.9;2;1;36;0;0;84.7;34;away;2010;W
Eli Manning;32;21;290;9.1;3;0;46t;0;0;125.8;41;away;2010;W
Peyton Manning;51;31;294;5.8;1;2;33;3;18;67;24;away;2010;L
Ben Roethlisberger;27;17;163;6;1;1;35;1;9;76.6;27;away;2010;W
Carson Palmer;36;22;248;6.9;2;1;27t;4;30;88.7;21;home;2010;L
Joe Flacco;34;22;215;6.3;3;1;24;2;11;99.5;21;away;2010;L
Matt Ryan;50;32;316;6.3;3;0;33t;2;14;101.8;26;home;2010;W
Kerry Collins;20;9;51;2.5;0;0;11;0;0;52.1;17;away;2010;L
Chad Henne;28;19;240;8.6;1;1;54;1;7;91.4;29;home;2010;L
Carson Palmer;42;31;292;7;2;3;25;3;23;78.7;17;away;2010;L
Peyton Manning;36;20;185;5.1;0;0;20;2;5;69.8;23;home;2010;W
Eli Manning;48;33;373;7.8;2;2;44;0;0;88.3;20;home;2010;L
Ben Roethlisberger;49;30;387;7.9;3;1;33t;5;38;97.9;26;home;2010;L
Joe Flacco;33;24;301;9.1;1;0;56t;3;23;110.8;37;away;2010;W
Carson Palmer;34;19;230;6.8;2;2;48;0;0;71.9;31;home;2010;L
Ben Roethlisberger;29;18;275;9.5;3;0;52t;2;6;127.8;35;home;2010;W
Matt Ryan;39;26;253;6.5;2;0;26;0;0;101.8;34;away;2010;W
Drew Brees;43;29;382;8.9;4;2;32t;0;0;106.9;34;home;2010;W
Peyton Manning;52;38;396;7.6;4;3;28;0;0;96.3;28;away;2010;L
Eli Manning;33;20;147;4.5;2;3;22;0;0;53.5;17;away;2010;L
Philip Rivers;24;15;233;9.7;4;1;57t;1;8;116.8;35;home;2010;W
Drew Brees;39;23;352;9;1;1;57;2;19;86.7;30;away;2010;W
Carson Palmer;38;17;135;3.6;1;2;25;3;18;41;10;away;2010;L
Rusty Smith;31;17;138;4.5;0;3;23;1;0;26.7;0;away;2010;L
Joe Flacco;35;25;289;8.3;2;1;65t;4;32;103.2;17;home;2010;W
Matt Ryan;28;24;197;7;1;0;21;2;20;107.9;20;home;2010;W
Ben Roethlisberger;33;20;246;7.5;0;0;26;5;26;83.6;19;away;2010;W
Eli Manning;24;14;226;9.4;2;0;32t;0;0;117.7;24;home;2010;W
Chad Henne;30;17;307;10.2;2;1;57t;3;22;100.3;33;away;2010;W
Philip Rivers;23;19;185;8;0;0;20;2;13;100.2;36;away;2010;W
Peyton Manning;48;31;285;5.9;2;4;30;1;6;59.8;14;home;2010;L
Kerry Collins;32;14;169;5.3;0;2;25;1;6;34.5;6;home;2010;L
Matt Ryan;36;18;205;5.7;2;2;25;0;0;62.8;28;away;2010;W
Drew Brees;29;24;313;10.8;2;1;52t;2;23;120.3;34;away;2010;W
Carson Palmer;33;23;249;7.5;1;0;33;3;34;101.7;30;home;2010;L
Chad Henne;32;16;174;5.4;1;3;24;1;7;37.8;10;home;2010;L
Eli Manning;25;15;161;6.4;0;1;23;0;0;62.3;31;home;2010;W
Philip Rivers;39;23;280;7.2;1;1;25;4;15;79;13;home;2010;L
Peyton Manning;48;36;365;7.6;2;4;40;0;0;75.4;35;home;2010;L
Ben Roethlisberger;38;22;253;6.7;1;1;28;3;19;75.9;13;away;2010;W
Joe Flacco;33;17;266;8.1;1;0;67;4;40;88.7;10;home;2010;L
Peyton Manning;35;25;319;9.1;2;0;50;1;7;118.6;30;away;2010;W
Kerry Collins;39;28;244;6.3;3;0;25;0;0;113.6;28;home;2010;L
Matt Ryan;34;20;227;6.7;1;1;46;3;27;76.5;31;away;2010;W
Carson Palmer;32;20;178;5.6;1;3;24;3;22;48.7;7;away;2010;L
Ben Roethlisberger;33;21;258;7.8;0;0;33;4;27;87.7;23;home;2010;W
Eli Manning;37;22;187;5.1;1;2;30;1;5;59.2;21;away;2010;W
Drew Brees;40;25;221;5.5;3;2;31t;1;8;81.4;31;home;2010;W
Philip Rivers;24;18;226;9.4;2;1;20;2;7;114.2;31;home;2010;W
Joe Flacco;33;22;235;7.1;2;0;26t;5;45;107.5;34;away;2010;W
Philip Rivers;25;19;273;10.9;3;0;58t;1;7;150.5;34;home;2010;W
Peyton Manning;39;29;229;5.9;2;0;27t;1;8;105.6;34;home;2010;W
Chad Henne;45;33;276;6.1;1;1;23;3;15;86.9;14;home;2010;L
Carson Palmer;23;14;209;9.1;0;0;53;0;0;90.7;19;home;2010;W
Kerry Collins;24;14;237;9.9;2;1;59;3;25;102.3;31;home;2010;L
Eli Manning;39;23;289;7.4;4;1;36;2;25;105.6;31;home;2010;L
Drew Brees;46;29;267;5.8;3;1;27;3;25;91.5;24;away;2010;L
Joe Flacco;20;10;172;8.6;2;0;42;3;24;112.9;30;home;2010;W
Matt Ryan;35;20;174;5;3;1;24t;1;6;87.1;34;away;2010;W
Ben Roethlisberger;44;23;264;6;1;0;29;3;32;78.2;17;home;2010;L
Ben Roethlisberger;32;22;320;10;1;0;43t;3;27;111.5;27;home;2010;W
Kerry Collins;37;14;235;6.4;2;2;53t;3;22;55.6;14;away;2010;L
Chad Henne;44;29;278;6.3;1;2;28;2;7;72;27;home;2010;L
Peyton Manning;30;16;179;6;3;2;20;0;0;76.9;31;away;2010;W
Eli Manning;33;17;301;9.1;2;4;85t;1;5;63.6;17;away;2010;L
Philip Rivers;40;27;256;6.4;1;1;19;1;7;82.9;20;away;2010;L
Carson Palmer;21;16;269;12.8;4;0;59t;0;0;157.2;34;home;2010;W
Drew Brees;49;35;302;6.2;1;2;25;1;6;77.1;17;away;2010;W
Matt Ryan;29;15;148;5.1;1;0;19;1;8;77.9;14;home;2010;L
Eli Manning;29;17;243;8.4;1;1;92t;0;0;83;17;away;2010;W
Matt Ryan;32;22;236;7.4;2;0;22;1;3;110.9;31;home;2010;W
Drew Brees;38;22;196;5.2;1;1;21;3;13;69.6;13;home;2010;L
Ben Roethlisberger;22;15;280;12.7;2;0;56t;0;0;141.3;41;away;2010;W
Kerry Collins;39;28;300;7.7;2;0;38;1;10;111.1;20;away;2010;L
Peyton Manning;41;27;264;6.4;2;0;30t;1;7;100.1;23;home;2010;W
Carson Palmer;45;32;305;6.8;1;2;39;0;0;78.5;7;away;2010;L
Philip Rivers;37;21;313;8.5;0;1;41;5;30;73.4;33;away;2010;W
Drew Brees;49;32;419;8.6;3;0;36;3;23;112.5;34;away;2011;L
Matt Hasselbeck;34;21;263;7.7;2;1;80t;2;14;93.1;14;away;2011;L
Ben Roethlisberger;41;22;280;6.8;1;3;31;4;34;52.9;7;away;2011;L
Joe Flacco;29;17;224;7.7;3;0;29;1;9;117.6;35;home;2011;W
Matt Ryan;47;31;319;6.8;0;1;32;5;43;76.5;12;away;2011;L
Eli Manning;32;18;268;8.4;0;1;68;4;28;70.8;14;away;2011;L
Philip Rivers;48;33;335;7;2;2;37;2;5;85;24;home;2011;W
Drew Brees;37;26;270;7.3;3;0;79t;1;6;118.1;30;home;2011;W
Ben Roethlisberger;30;22;298;9.9;1;0;53;2;16;115.7;24;home;2011;W
Joe Flacco;32;15;197;6.2;1;2;32;3;13;51.2;13;away;2011;L
Matt Hasselbeck;42;30;358;8.5;1;1;42;0;0;95.1;26;home;2011;W
Andy Dalton;41;27;332;8.1;2;0;84;2;22;107;22;away;2011;L
Philip Rivers;40;29;378;9.4;2;2;36;2;6;97.7;21;away;2011;L
Matt Ryan;28;17;195;7;4;2;32;4;15;91.5;35;home;2011;W
Eli Manning;30;19;223;7.4;2;1;31;3;19;94.2;28;home;2011;W
Eli Manning;23;16;254;11;4;0;74t;3;22;145.7;29;away;2011;W
Drew Brees;44;31;370;8.4;3;2;44;2;16;99.6;40;home;2011;W
Andy Dalton;32;17;157;4.9;0;2;22;1;8;40.8;8;home;2011;L
Matt Hasselbeck;36;27;311;8.6;2;0;58;2;16;119.1;17;home;2011;W
Joe Flacco;48;27;389;8.1;3;0;74t;2;4;103.6;37;away;2011;W
Philip Rivers;38;24;266;7;0;2;26;2;8;62;20;home;2011;W
Matt Ryan;47;26;330;7;1;1;49;4;35;75.7;13;away;2011;L
Ben Roethlisberger;37;25;364;9.8;1;1;81t;3;23;97.1;23;away;2011;W
Drew Brees;44;31;351;8;1;2;59;3;25;82.7;23;away;2011;W
Andy Dalton;36;18;298;8.3;1;2;58;2;11;64.4;23;home;2011;W
Matt Hasselbeck;20;10;220;11;3;1;80t;0;0;108.3;31;away;2011;W
Ben Roethlisberger;30;16;206;6.9;0;1;40;5;28;61.2;10;away;2011;L
Matt Ryan;42;28;291;6.9;1;0;45;0;0;94.4;30;away;2011;W
Eli Manning;40;27;321;8;2;0;29t;1;15;108.4;31;away;2011;W
Matt Moore;26;17;167;6.4;0;1;31;3;18;67.3;16;away;2011;L
Philip Rivers;31;21;307;9.9;1;0;55t;2;12;110.6;26;home;2011;W
Joe Flacco;31;10;163;5.3;0;1;52;2;8;37.4;34;home;2011;W
Curtis Painter;30;13;281;9.4;2;0;87t;4;25;99.4;17;away;2011;L
Matt Hasselbeck;49;29;262;5.3;1;1;25;3;22;72;17;away;2011;L
Ben Roethlisberger;34;24;228;6.7;5;1;40t;1;4;116.2;38;home;2011;W
Andy Dalton;33;21;179;5.4;2;1;37t;2;17;85.3;30;away;2011;W
Drew Brees;45;32;359;8;2;1;30;2;16;100.1;30;away;2011;W
Eli Manning;39;24;420;10.8;3;3;68t;3;25;91.8;25;home;2011;L
Curtis Painter;27;15;277;10.3;2;0;67t;0;0;115.8;24;home;2011;L
Philip Rivers;29;18;250;8.6;1;1;42t;5;38;86.9;29;away;2011;L
Matt Ryan;32;18;167;5.2;1;2;23;1;11;55.1;14;home;2011;L
Eli Manning;32;21;292;9.1;0;0;60;0;0;94.8;27;home;2011;W
Curtis Painter;34;23;188;5.5;1;1;22;1;9;79;17;away;2011;L
Andy Dalton;32;25;264;8.2;1;0;32;0;0;111.5;27;home;2011;W
Matt Ryan;22;14;163;7.4;1;0;34;1;4;101.1;31;home;2011;W
Ben Roethlisberger;23;12;200;8.7;1;0;48;3;15;96.3;17;home;2011;W
Joe Flacco;33;20;305;9.2;0;1;56;2;16;78.5;29;home;2011;W
Drew Brees;45;29;383;8.5;1;3;43;0;0;70.9;20;away;2011;L
Matt Moore;34;16;204;6;0;2;46;4;14;41.8;6;away;2011;L
Matt Hasselbeck;30;14;104;3.5;1;2;17;1;12;38.8;7;home;2011;L
Philip Rivers;32;16;179;5.6;1;2;30;1;7;51.4;21;away;2011;L
Matt Ryan;34;20;218;6.4;1;2;49;3;19;63.1;23;away;2011;L
Matt Moore;33;22;197;6;1;0;29;4;24;92.6;15;home;2011;L
Ben Roethlisberger;39;26;361;9.3;3;0;95t;2;7;121.8;32;away;2011;W
Drew Brees;35;31;325;9.3;5;0;57;2;4;144.9;62;home;2011;W
Joe Flacco;38;21;137;3.6;1;1;20;3;25;61;7;away;2011;L
Joe Flacco;51;31;336;6.6;0;1;37;3;38;72;30;home;2011;W
Drew Brees;44;30;269;6.1;1;2;25;6;42;73;21;away;2011;L
Curtis Painter;49;26;250;5.1;0;2;23;2;9;50.6;10;away;2011;L
Matt Hasselbeck;33;23;224;6.8;1;0;32;1;9;98.5;27;home;2011;W
Matt Moore;22;13;138;6.3;0;1;24;5;37;58.5;17;away;2011;L
Eli Manning;45;31;349;7.8;2;0;26;1;5;106.6;20;home;2011;W
Andy Dalton;29;18;168;5.8;2;2;43t;1;8;72.2;34;away;2011;W
Ben Roethlisberger;50;36;365;7.3;2;1;26;5;36;97.5;25;home;2011;W
Philip Rivers;41;26;369;9;0;2;39;3;24;72.1;20;away;2011;L
Matt Ryan;24;14;275;11.5;3;1;80t;1;6;120.7;31;away;2011;W
Curtis Painter;27;13;98;3.6;0;1;16;2;15;41.9;7;home;2011;L
Drew Brees;36;27;258;7.2;2;1;23;0;0;101.4;27;home;2011;W
Matt Moore;23;17;244;10.6;3;0;35t;0;0;147.5;31;away;2011;W
Andy Dalton;39;22;217;5.6;3;0;25;1;7;97.9;24;away;2011;W
Matt Hasselbeck;41;24;272;6.6;2;0;30;2;22;94.8;17;home;2011;L
Eli Manning;39;20;250;6.4;2;1;30;0;0;77.9;24;away;2011;W
Philip Rivers;46;26;385;8.4;4;3;38;2;10;85.9;38;home;2011;L
Joe Flacco;47;28;300;6.4;1;0;29;3;11;85.4;23;away;2011;W
Ben Roethlisberger;37;20;330;8.9;1;1;32;1;8;82;20;home;2011;L
Philip Rivers;47;23;274;5.8;2;1;30t;6;35;72.5;17;home;2011;L
Drew Brees;43;30;322;7.5;2;0;36;0;0;106.9;26;away;2011;W
Matt Ryan;52;29;351;6.8;2;1;46;1;8;81.5;23;home;2011;L
Ben Roethlisberger;33;21;245;7.4;1;1;26;5;22;83.5;24;away;2011;W
Andy Dalton;30;15;170;5.7;2;2;36t;0;0;61.8;17;home;2011;L
Matt Moore;29;20;209;7.2;0;1;28;2;9;75.2;20;home;2011;W
Matt Hasselbeck;27;15;219;8.1;1;1;43t;1;8;79.1;30;away;2011;W
Curtis Painter;19;13;94;4.9;0;2;29;3;24;40.1;3;home;2011;L
Joe Flacco;52;29;255;4.9;1;1;19;1;8;67.4;17;away;2011;L
Eli Manning;40;26;311;7.8;2;2;36;1;9;84.5;20;away;2011;L
Matt Moore;20;14;160;8;3;0;46;1;13;133.3;35;home;2011;W
Andy Dalton;45;24;373;8.3;1;3;49t;2;9;60.7;24;away;2011;L
Joe Flacco;27;17;270;10;2;1;49;1;2;105.5;31;home;2011;W
Matt Hasselbeck;25;13;124;5;0;1;20;0;0;49.4;17;away;2011;L
Matt Ryan;32;22;316;9.9;1;0;43;0;0;110.9;23;home;2011;W
Philip Rivers;31;21;280;9;2;2;47;0;0;90.8;20;away;2011;L
Eli Manning;35;18;264;7.5;1;1;47;3;15;74;10;home;2011;L
Matt Moore;32;19;288;9;1;0;41;4;25;99.5;19;away;2011;L
Joe Flacco;23;15;161;7;1;0;22;0;0;100.1;16;home;2011;W
Curtis Painter;29;15;226;7.8;1;2;56t;2;8;60.4;19;home;2011;L
Matt Hasselbeck;34;19;160;4.7;1;2;20;2;10;53.6;23;home;2011;W
Andy Dalton;31;21;270;8.7;1;0;51;2;13;105.6;23;home;2011;W
Matt Ryan;34;27;262;7.7;3;0;27t;2;16;128.2;24;home;2011;W
Philip Rivers;36;19;188;5.2;1;0;30;3;29;77.1;13;home;2011;L
Ben Roethlisberger;31;21;193;6.2;1;1;34;1;11;81.8;13;away;2011;W
Eli Manning;47;33;406;8.6;2;1;72t;1;14;101.9;24;away;2011;L
Drew Brees;38;24;363;9.6;4;0;50;0;0;129.6;49;home;2011;W
Matt Ryan;47;20;267;5.7;1;2;26;0;0;50.6;10;away;2011;L
Joe Flacco;23;10;158;6.9;0;0;32;1;0;66.9;24;away;2011;W
Matt Hasselbeck;25;16;140;5.6;0;0;21;1;10;78.8;23;away;2011;W
Andy Dalton;24;11;135;5.6;1;0;43;3;24;77.6;7;away;2011;L
Ben Roethlisberger;23;15;176;7.7;2;0;45;2;13;117.3;35;home;2011;W
Drew Brees;36;26;342;9.5;3;0;67t;2;4;129.6;31;home;2011;W
Matt Moore;25;13;162;6.5;1;0;38;1;9;85.8;34;home;2011;W
Eli Manning;40;23;347;8.7;3;1;67t;1;0;100.7;35;home;2011;L
Dan Orlovsky;37;30;353;9.5;2;1;40;2;15;113.2;24;away;2011;L
Philip Rivers;28;22;294;10.5;3;0;52t;0;0;146.1;38;away;2011;W
Ben Roethlisberger;21;16;280;13.3;2;1;79t;1;5;129.6;14;home;2011;W
Matt Ryan;38;22;320;8.4;4;0;75t;3;12;120.5;31;away;2011;W
Andy Dalton;28;16;189;6.8;1;0;36;1;5;89.7;19;home;2011;L
Drew Brees;47;36;337;7.2;2;0;35t;2;14;110;22;away;2011;W
Dan Orlovsky;37;17;136;3.7;1;1;13t;4;19;53.4;10;away;2011;L
Joe Flacco;31;23;227;7.3;2;1;26;2;15;102.5;24;home;2011;W
Matt Moore;19;11;95;5;1;1;21;4;22;66.8;10;home;2011;L
Philip Rivers;33;24;240;7.3;3;0;26t;2;24;123.3;37;home;2011;W
Eli Manning;47;27;400;8.5;2;1;64;0;0;90.7;37;away;2011;W
Matt Ryan;26;19;224;8.6;3;0;29t;1;4;137.3;41;home;2011;W
Drew Brees;40;32;412;10.3;5;0;47t;0;0;149.2;42;away;2011;W
Eli Manning;40;23;257;6.4;0;3;34;3;24;45.5;10;home;2011;L
Matt Moore;20;10;217;10.8;2;0;65t;2;23;122.3;30;away;2011;W
Matt Hasselbeck;40;27;223;5.6;0;2;27;0;0;60.7;13;away;2011;L
Andy Dalton;26;15;179;6.9;0;1;55;1;6;62.8;20;away;2011;W
Joe Flacco;34;23;226;6.6;2;2;36t;5;40;81.3;14;away;2011;L
Philip Rivers;23;17;270;11.7;1;0;58;0;0;127.1;34;home;2011;W
Ben Roethlisberger;44;25;330;7.5;0;3;39;3;25;52.3;3;away;2011;L
Dan Orlovsky;41;23;244;6;1;0;34;3;19;81.8;19;home;2011;W
Andy Dalton;31;18;154;5;2;0;19t;2;18;92.7;23;home;2011;W
Eli Manning;27;9;225;8.3;1;1;99t;2;8;61.5;29;away;2011;W
Matt Hasselbeck;40;24;350;8.8;1;2;55t;1;8;76;23;home;2011;W
Matt Moore;32;16;281;8.8;3;1;47;5;28;98.6;24;away;2011;W
Joe Flacco;24;11;132;5.5;2;1;42t;1;10;73.6;20;home;2011;W
Philip Rivers;53;28;299;5.6;1;2;30;0;0;60.2;10;away;2011;L
Matt Ryan;52;34;373;7.2;1;0;40;0;0;92.9;16;away;2011;L
Drew Brees;39;23;307;7.9;4;2;41;1;8;96.8;45;home;2011;W
Matt Moore;32;22;135;4.2;1;2;19;1;7;61.3;19;home;2011;L
Drew Brees;35;28;389;11.1;5;1;42t;0;0;140.7;45;home;2011;W
Matt Hasselbeck;35;22;297;8.5;2;0;55;3;22;108.9;23;away;2011;W
Andy Dalton;44;22;232;5.3;0;0;31;1;1;65.7;16;home;2011;L
Eli Manning;33;24;346;10.5;3;0;74t;2;15;136.7;31;home;2011;W
Dan Orlovsky;40;27;264;6.6;1;2;21;3;22;73.3;13;away;2011;L
Ben Roethlisberger;40;23;221;5.5;0;0;40;2;22;73;13;away;2011;W
Philip Rivers;26;19;310;11.9;3;1;43t;0;0;135.1;38;away;2011;W
Tom Brady;31;23;236;7.6;2;0;28;1;8;117.1;34;away;2012;W
Ryan Fitzpatrick;32;18;195;6.1;3;3;30;0;0;66.5;28;away;2012;L
Mark Sanchez;27;19;266;9.9;3;1;33t;0;0;123.4;48;home;2012;W
Brandon Weeden;35;12;118;3.4;0;4;24;2;7;5.1;16;home;2012;L
Russell Wilson;34;18;153;4.5;1;1;27;3;14;62.5;16;away;2012;L
Alex Smith;26;20;211;8.1;2;0;29;4;20;125.6;30;away;2012;W
Aaron Rodgers;44;30;303;6.9;2;1;49;3;24;93.3;22;home;2012;L
Peyton Manning;26;19;253;9.7;2;0;71t;2;13;129.2;31;home;2012;W
Aaron Rodgers;32;22;219;6.8;1;1;26t;5;31;85.3;23;home;2012;W
Brandon Weeden;37;26;322;8.7;2;0;27;2;13;114.9;27;away;2012;L
Tom Brady;46;28;316;6.9;1;1;36;4;19;79.6;18;home;2012;L
Russell Wilson;20;15;151;7.5;1;0;22t;2;18;112.7;27;home;2012;W
Mark Sanchez;27;10;138;5.1;1;0;45;2;9;66.6;10;away;2012;L
Alex Smith;31;20;226;7.3;2;0;23t;3;25;107.7;27;home;2012;W
Peyton Manning;37;24;241;6.5;1;3;18;3;23;58.5;21;away;2012;L
Alex Smith;35;24;204;5.8;1;1;22;3;13;81.1;13;away;2012;L
Ryan Fitzpatrick;35;22;208;5.9;3;0;32t;1;2;107.8;24;away;2012;W
Brandon Weeden;43;27;237;5.5;1;2;24;4;30;65.7;14;home;2012;L
Mark Sanchez;45;21;306;6.8;1;2;66;1;6;58.2;23;away;2012;W
Peyton Manning;52;26;330;6.3;2;0;38t;3;14;83;25;home;2012;L
Tom Brady;41;28;335;8.2;1;0;59;2;16;101.2;30;away;2012;L
Aaron Rodgers;39;26;223;5.7;0;0;31;8;39;81.5;12;away;2012;L
Russell Wilson;21;10;130;6.2;2;0;41t;1;19;99.3;14;home;2012;W
Brandon Weeden;52;25;320;6.2;0;1;43;1;6;59.8;16;away;2012;L
Tom Brady;36;22;340;9.4;3;0;41;1;7;120.1;52;away;2012;W
Ryan Fitzpatrick;39;22;350;9;4;4;68t;3;10;81.1;28;home;2012;L
Mark Sanchez;29;13;103;3.6;0;1;22;3;12;39.9;0;home;2012;L
Russell Wilson;25;17;160;6.4;0;3;17;2;20;45.8;13;away;2012;L
Peyton Manning;38;30;338;8.9;3;0;40;0;0;130;37;home;2012;W
Aaron Rodgers;41;31;319;7.8;4;1;20;0;0;119.9;28;home;2012;W
Brandon Weeden;35;22;291;8.3;2;2;62t;0;0;84.3;27;away;2012;L
Aaron Rodgers;32;20;235;7.3;3;1;31t;5;28;103;27;away;2012;L
Russell Wilson;25;19;221;8.8;1;2;30;2;9;82.3;16;away;2012;W
Ryan Fitzpatrick;26;16;126;4.8;0;1;20;1;11;57.5;3;away;2012;L
Alex Smith;24;18;303;12.6;3;0;53;0;0;156.2;45;home;2012;W
Peyton Manning;44;31;337;7.7;3;0;38;2;13;115.4;21;away;2012;L
Tom Brady;31;23;223;7.2;1;0;25;4;30;104.6;31;home;2012;W
Mark Sanchez;31;14;230;7.4;1;2;36;3;13;54.5;17;home;2012;L
Brandon Weeden;29;17;231;8;2;1;71t;2;13;92.7;34;home;2012;W
Mark Sanchez;18;11;82;4.6;2;0;12;1;6;109;35;home;2012;W
Tom Brady;58;36;395;6.8;2;2;46t;1;7;79.3;23;away;2012;L
Russell Wilson;27;16;293;10.9;3;0;51;2;10;133.7;24;home;2012;W
Ryan Fitzpatrick;32;18;153;4.8;0;0;23;2;12;68.9;19;away;2012;W
Alex Smith;30;19;200;6.7;0;3;55;4;31;43.1;3;home;2012;L
Aaron Rodgers;37;24;338;9.1;6;0;48t;2;10;133.8;42;away;2012;W
Peyton Manning;30;24;309;10.3;3;1;55;0;0;129;35;away;2012;W
Russell Wilson;23;9;122;5.3;0;1;36;2;7;38.7;6;away;2012;L
Alex Smith;23;14;140;6.1;1;1;18;2;2;74.5;13;home;2012;W
Ryan Fitzpatrick;35;27;225;6.4;3;1;27t;1;9;109.8;34;home;2012;L
Brandon Weeden;41;25;264;6.4;2;0;33t;0;0;96;13;away;2012;W
Aaron Rodgers;37;30;342;9.2;3;0;52;3;10;132.2;30;away;2012;W
Mark Sanchez;41;28;328;8;1;1;26;4;31;90.3;26;away;2012;L
Tom Brady;42;26;259;6.2;2;0;21;1;9;95.2;29;home;2012;W
Russell Wilson;35;25;236;6.7;2;1;19;0;0;96.8;24;away;2012;L
Aaron Rodgers;35;22;186;5.3;2;0;31;2;14;95.7;24;home;2012;W
Tom Brady;35;23;304;8.7;4;0;32;0;0;131.1;45;away;2012;W
Mark Sanchez;54;28;283;5.2;1;1;23;4;25;65.6;9;home;2012;L
Peyton Manning;30;22;305;10.2;3;0;41;0;0;138.9;34;home;2012;W
Alex Smith;19;18;232;12.2;3;0;47t;4;28;157.1;24;away;2012;W
Aaron Rodgers;30;14;218;7.3;4;1;72t;1;10;96.9;31;home;2012;W
Ryan Fitzpatrick;38;25;239;6.3;0;0;28;4;9;83.1;9;away;2012;L
Brandon Weeden;37;20;176;4.8;0;2;26;1;2;44.4;15;home;2012;L
Peyton Manning;35;27;291;8.3;3;2;45;0;0;105.8;31;away;2012;W
Russell Wilson;24;16;173;7.2;3;0;23;1;8;127.3;30;home;2012;W
Peyton Manning;38;27;301;7.9;1;0;46;1;6;103.1;36;away;2012;W
Ryan Fitzpatrick;40;27;337;8.4;2;1;25;3;18;99.7;31;away;2012;L
Tom Brady;38;23;237;6.2;2;0;24;1;7;96.1;37;home;2012;W
Mark Sanchez;22;9;124;5.6;0;1;43;3;31;40.7;7;away;2012;L
Russell Wilson;19;12;188;9.9;2;0;38t;4;22;131;28;home;2012;W
Alex Smith;8;7;72;9;1;0;19;2;9;143.8;24;home;2012;W
Ryan Fitzpatrick;27;17;168;6.2;0;0;24;3;7;80.5;19;home;2012;W
Tom Brady;35;24;331;9.5;3;0;36;0;0;127.2;59;home;2012;W
Mark Sanchez;20;15;178;8.9;1;0;32;3;12;118.3;27;away;2012;W
Brandon Weeden;35;20;210;6;2;0;27;2;18;93.8;20;away;2012;L
Aaron Rodgers;27;19;236;8.7;2;1;40;3;17;106.4;24;away;2012;W
Peyton Manning;42;25;270;6.4;3;1;31t;3;17;92.4;30;home;2012;W
Colin Kaepernick;23;16;243;10.6;2;0;57;1;7;133.1;32;home;2012;W
Tom Brady;27;18;323;12;3;0;83t;0;0;144.5;49;away;2012;W
Mark Sanchez;36;26;301;8.4;1;1;39;2;15;94.8;19;home;2012;L
Brandon Weeden;26;17;158;6.1;1;1;26;4;28;78.7;20;home;2012;L
Peyton Manning;37;22;285;7.7;2;1;31;2;12;90.5;17;away;2012;W
Ryan Fitzpatrick;33;17;180;5.5;1;1;63;2;11;65.2;13;away;2012;L
Colin Kaepernick;25;16;231;9.2;1;1;45;0;0;90.6;31;away;2012;W
Aaron Rodgers;25;14;219;8.8;1;1;61t;5;29;81.9;10;away;2012;L
Colin Kaepernick;32;21;208;6.5;0;0;30;3;17;83.9;13;away;2012;L
Aaron Rodgers;35;27;286;8.2;1;1;33;2;3;98;23;home;2012;W
Tom Brady;40;24;238;6;1;1;31;4;25;74.8;23;away;2012;W
Russell Wilson;37;23;293;7.9;2;0;49;2;10;104.9;23;away;2012;W
Peyton Manning;38;27;242;6.4;3;1;28;0;0;103.2;31;home;2012;W
Brandon Weeden;36;25;364;10.1;1;2;54;1;11;88.2;20;away;2012;W
Peyton Manning;36;26;310;8.6;1;1;29;3;22;95.8;26;away;2012;W
Mark Sanchez;19;12;111;5.8;0;0;37;1;7;79.1;17;away;2012;W
Ryan Fitzpatrick;33;25;247;7.5;1;1;34;5;27;93.9;12;home;2012;L
Brandon Weeden;30;17;217;7.2;0;0;34;3;19;79.4;30;home;2012;W
Colin Kaepernick;23;18;185;8;0;0;25;4;19;100.2;27;home;2012;W
Russell Wilson;13;7;148;11.4;1;1;67;1;7;88;58;home;2012;W
Aaron Rodgers;24;14;173;7.2;0;0;38;3;25;80.7;27;home;2012;W
Tom Brady;35;21;296;8.5;4;0;63t;1;7;125.4;42;home;2012;W
Peyton Manning;28;17;204;7.3;1;0;51t;2;17;94.9;34;away;2012;W
Brandon Weeden;35;21;244;7;1;2;69t;2;11;66.8;21;home;2012;L
Aaron Rodgers;36;23;291;8.1;3;0;31;3;13;116.8;21;away;2012;W
Russell Wilson;23;14;205;8.9;1;0;44;2;9;104.4;50;away;2012;W
Ryan Fitzpatrick;38;21;217;5.7;1;2;25;3;32;58.8;17;home;2012;L
Colin Kaepernick;25;14;221;8.8;4;1;38t;1;13;108.5;41;away;2012;W
Tom Brady;65;36;443;6.8;1;2;53;3;18;68.9;34;home;2012;L
Mark Sanchez;28;13;131;4.7;1;4;22;3;22;32.6;10;away;2012;L
Ryan Fitzpatrick;35;20;240;6.9;1;1;41;2;13;75.9;10;away;2012;L
Aaron Rodgers;38;27;342;9;3;0;34;1;8;125.1;55;home;2012;W
Tom Brady;41;24;267;6.5;2;2;32;3;21;73.9;23;away;2012;W
Brandon Weeden;19;12;104;5.5;0;0;21;2;16;77.5;12;away;2012;L
Peyton Manning;43;30;339;7.9;3;1;36;0;0;106.6;34;home;2012;W
Colin Kaepernick;36;19;244;6.8;1;1;35;1;13;72;13;away;2012;L
Russell Wilson;21;15;171;8.1;4;1;43;1;1;115.3;42;home;2012;W
Tom Brady;36;22;284;7.9;2;0;25;1;8;104.4;28;home;2012;W
Mark Sanchez;35;17;205;5.9;0;1;40;1;6;55.1;9;away;2012;L
Ryan Fitzpatrick;26;12;225;8.7;1;0;66t;0;0;89.4;28;home;2012;W
Russell Wilson;19;15;250;13.2;1;0;49;6;41;136.3;20;home;2012;W
Colin Kaepernick;28;16;276;9.9;2;0;49t;1;4;114.6;27;home;2012;W
Alex Smith;1;1;6;6;0;0;6;0;0;91.7;27;home;2012;W
Peyton Manning;29;23;304;10.5;3;0;36;0;0;144.8;38;home;2012;W
Peyton Manning;42;27;462;11;7;0;78t;3;17;141.1;49;home;2013;W
Brandon Weeden;53;26;289;5.5;1;3;22;6;45;48.4;10;home;2013;L
Tom Brady;52;29;288;5.5;2;1;35;3;15;76.4;23;away;2013;W
E.J. Manuel;27;18;150;5.6;2;0;19;0;0;105.5;21;home;2013;L
Russell Wilson;33;25;320;9.7;1;0;43t;2;20;115.7;12;away;2013;W
Geno Smith;38;24;256;6.7;1;1;26;5;42;80.6;18;home;2013;W
Aaron Rodgers;37;21;333;9;3;1;38;2;11;102.6;28;away;2013;L
Colin Kaepernick;39;27;412;10.6;3;0;43;2;8;129.4;34;home;2013;W
Geno Smith;35;15;214;6.1;0;3;37;4;25;27.6;10;away;2013;L
Tom Brady;39;19;185;4.7;1;0;39t;1;7;71;13;home;2013;W
E.J. Manuel;39;27;296;7.6;1;1;45;1;9;89.3;24;home;2013;W
Brandon Weeden;33;21;227;6.9;0;0;53;5;39;83.8;6;away;2013;L
Aaron Rodgers;42;34;480;11.4;4;0;57;4;39;146;38;home;2013;W
Peyton Manning;43;30;307;7.1;2;0;36;0;0;105.5;41;away;2013;W
Colin Kaepernick;28;13;127;4.5;0;3;19;3;20;20.1;3;away;2013;L
Aaron Rodgers;43;26;244;5.7;1;2;30;4;27;64.5;30;away;2013;L
Tom Brady;36;25;225;6.2;2;1;20;3;23;92.9;23;home;2013;W
Russell Wilson;21;14;202;9.6;4;1;30;2;8;117.5;45;home;2013;W
Colin Kaepernick;27;13;150;5.6;0;1;30;3;11;49.9;7;home;2013;L
E.J. Manuel;42;19;243;5.8;1;0;33t;8;35;71.8;20;away;2013;L
Geno Smith;29;16;331;11.4;2;2;69t;0;0;89.9;27;home;2013;W
Peyton Manning;37;32;374;10.1;3;0;61;1;2;135.8;37;home;2013;W
Colin Kaepernick;23;15;167;7.3;2;0;42;2;16;115.7;35;away;2013;W
Russell Wilson;23;12;123;5.3;0;1;24;5;32;49.7;23;away;2013;L
Geno Smith;34;23;289;8.5;1;2;36;5;50;79.2;13;away;2013;L
Peyton Manning;34;28;327;9.6;4;0;52;1;6;146;52;home;2013;W
Matt Flynn;32;21;227;7.1;1;1;34;7;33;83.7;14;home;2013;L
Tom Brady;31;20;316;10.2;2;0;49;0;0;119.8;30;away;2013;W
E.J. Manuel;20;11;129;6.5;0;0;24;2;10;74.8;24;away;2013;L
Brandon Weeden;24;13;197;8.2;1;0;47;5;23;95.3;37;home;2013;W
Tom Brady;38;18;197;5.2;0;1;53;4;31;52.2;6;away;2013;L
Russell Wilson;31;15;210;6.8;2;1;28t;2;5;78.7;28;away;2013;L
Aaron Rodgers;30;20;274;9.1;1;0;83t;1;5;106.8;22;home;2013;W
Peyton Manning;42;33;414;9.9;4;1;57;0;0;129.6;51;away;2013;W
Colin Kaepernick;15;6;113;7.5;1;0;64t;1;6;89;34;home;2013;W
Geno Smith;20;16;199;9.9;3;0;47;4;29;147.7;30;away;2013;W
Brandon Weeden;43;26;292;6.8;2;2;36;2;23;76.9;17;home;2013;W
Aaron Rodgers;32;17;315;9.8;1;1;64t;3;17;84.8;19;away;2013;W
Geno Smith;34;19;201;5.9;0;2;29;3;17;48.8;6;home;2013;L
Peyton Manning;42;28;295;7;2;1;42;0;0;92.9;35;home;2013;W
Russell Wilson;31;23;257;8.3;0;0;55;2;4;98.5;20;home;2013;W
Colin Kaepernick;29;16;252;8.7;2;1;61t;2;14;92.9;32;home;2013;W
Tom Brady;43;25;269;6.3;1;1;23;5;34;74.7;30;home;2013;W
Russell Wilson;29;18;235;8.1;3;0;32;3;26;122.1;34;away;2013;W
Tom Brady;46;22;228;5;0;1;30;4;23;53.5;27;away;2013;L
Geno Smith;33;17;233;7.1;1;1;27;4;27;71.9;30;home;2013;W
Colin Kaepernick;21;13;199;9.5;0;0;29;2;3;93.2;31;away;2013;W
Brandon Weeden;42;17;149;3.5;1;1;19;3;16;48.6;13;away;2013;L
Aaron Rodgers;36;25;260;7.2;3;0;39;1;7;117.8;31;home;2013;W
Peyton Manning;49;29;386;7.9;3;1;49;4;21;96.1;33;away;2013;L
Tom Brady;22;13;116;5.3;1;1;26;3;16;69.5;27;home;2013;W
Colin Kaepernick;16;10;164;10.2;1;0;43;0;0;117.7;42;away;2013;W
Geno Smith;30;20;159;5.3;0;2;26;3;28;51.9;9;away;2013;L
Peyton Manning;44;30;354;8;4;3;35t;2;15;94.3;45;home;2013;W
Aaron Rodgers;29;24;285;9.8;2;0;76t;2;3;130.6;44;away;2013;W
Russell Wilson;18;10;139;7.7;2;0;80t;7;48;117.6;14;away;2013;W
Geno Smith;19;8;115;6.1;0;0;44;2;0;62.4;26;home;2013;W
Russell Wilson;26;19;217;8.3;2;2;28;0;0;91.3;27;home;2013;W
Tom Brady;33;23;432;13.1;4;0;81t;3;19;151.8;55;home;2013;W
E.J. Manuel;39;22;155;4;1;1;23;3;23;63.5;10;away;2013;L
Russell Wilson;26;19;287;11;2;0;46;1;8;134.6;33;away;2013;W
Colin Kaepernick;22;11;91;4.1;0;1;14;6;45;42;9;home;2013;L
Peyton Manning;36;25;330;9.2;4;0;74t;2;17;135.2;28;away;2013;W
Geno Smith;23;8;103;4.5;0;3;38;4;30;10.1;14;away;2013;L
E.J. Manuel;28;20;245;8.8;2;0;43t;1;0;121.9;37;home;2013;W
Peyton Manning;40;24;323;8.1;1;0;70;0;0;94.1;27;home;2013;W
Colin Kaepernick;31;17;127;4.1;2;1;17t;3;12;72.9;20;away;2013;L
Russell Wilson;18;13;230;12.8;2;0;44;1;6;151.4;41;home;2013;W
Tom Brady;40;29;296;7.4;1;1;37;2;13;91.2;20;away;2013;L
Matt Flynn;36;21;218;6.1;1;0;34;0;0;85.2;26;home;2013;W
Brandon Weeden;30;13;209;7;1;1;47;3;6;64.4;11;home;2013;L
Geno Smith;22;9;127;5.8;0;2;30;3;22;22.3;3;away;2013;L
Peyton Manning;36;19;150;4.2;2;1;31;2;18;70.4;31;away;2013;L
Tom Brady;50;34;344;6.9;3;0;43;3;20;107.4;34;home;2013;W
Colin Kaepernick;24;15;235;9.8;3;0;40;2;7;134.5;27;away;2013;W
Matt Flynn;20;10;139;7;0;1;56;7;37;51.9;10;away;2013;L
Peyton Manning;35;22;403;11.5;5;2;77;0;0;118.2;35;away;2013;W
Brandon Weeden;40;24;370;9.2;3;2;95t;3;28;94.8;28;home;2013;L
E.J. Manuel;32;18;210;6.6;1;0;33;0;0;86.7;31;home;2013;L
Colin Kaepernick;28;19;275;9.8;1;0;60;4;20;111.5;23;home;2013;W
Tom Brady;41;29;371;9;2;1;50;1;6;104.8;34;away;2013;W
Russell Wilson;30;22;310;10.3;3;0;60;1;8;139.6;34;home;2013;W
E.J. Manuel;33;18;184;5.6;0;4;33;7;37;31.2;6;away;2013;L
Geno Smith;25;16;219;8.8;1;1;32;1;10;88.6;37;home;2013;W
Tom Brady;52;32;418;8;2;1;50;4;21;91.7;27;home;2013;W
Peyton Manning;59;39;397;6.7;4;0;38;0;0;107.8;51;home;2013;W
Russell Wilson;25;15;199;8;1;1;39t;2;21;81.9;17;away;2013;L
Colin Kaepernick;29;15;175;6;1;1;27;2;20;67.5;19;home;2013;W
Matt Flynn;32;24;258;8.1;1;1;46;5;36;95.6;22;home;2013;W
Peyton Manning;41;27;289;7;2;1;22;1;12;92.4;20;home;2013;L
E.J. Manuel;24;17;193;8;2;1;28;4;25;105;27;away;2013;W
Russell Wilson;27;18;206;7.6;1;1;30;4;29;86.3;23;away;2013;W
Colin Kaepernick;29;19;203;7;2;0;52t;2;14;108.8;33;away;2013;W
Tom Brady;55;34;364;6.6;2;1;30;1;7;85.7;20;away;2013;L
Geno Smith;28;15;167;6;1;1;35;4;27;68.6;20;away;2013;L
Matt Flynn;39;26;299;7.7;4;1;39;2;16;113.1;37;away;2013;W
Peyton Manning;51;32;400;7.8;4;0;36t;1;3;113.2;37;away;2013;W
Geno Smith;36;20;214;5.9;2;0;22;0;0;91.7;24;home;2013;W
Russell Wilson;27;11;108;4;1;1;28;4;19;49.6;10;home;2013;L
Matt Flynn;39;21;232;5.9;1;1;31;3;13;69.6;31;home;2013;L
Tom Brady;26;14;172;6.6;1;0;34;2;14;87.3;41;away;2013;W
Colin Kaepernick;21;13;197;9.4;1;0;47;3;17;108.6;34;home;2013;W
Geno Smith;27;17;190;7;0;0;34;0;0;83.9;20;away;2013;W
Aaron Rodgers;39;25;318;8.2;2;2;48t;3;5;85.2;33;away;2013;W
Russell Wilson;23;15;172;7.5;1;0;47t;4;14;102.1;27;home;2013;W
Colin Kaepernick;34;21;310;9.1;2;0;63;2;18;111.2;23;away;2013;W
Peyton Manning;28;25;266;9.5;4;0;63t;1;9;145.8;34;away;2013;W
Aaron Rodgers;33;23;189;5.7;1;1;23;3;14;81.5;16;away;2014;L
Russell Wilson;28;19;191;6.8;2;0;33t;1;0;110.9;36;home;2014;W
Geno Smith;28;23;221;7.9;1;1;26;2;31;96.6;19;home;2014;W
Tom Brady;56;29;249;4.4;1;0;44;4;23;69.7;20;away;2014;L
Colin Kaepernick;23;16;201;8.7;2;0;37;1;9;125.5;28;away;2014;W
Peyton Manning;36;22;269;7.5;3;0;40;1;10;111.9;31;home;2014;W
Tom Brady;21;14;149;7.1;1;0;44;1;7;103.1;30;away;2014;W
Russell Wilson;25;17;202;8.1;2;0;32;2;22;119.1;21;away;2014;L
Geno Smith;32;16;176;5.5;1;1;29t;1;7;64.1;24;away;2014;L
Aaron Rodgers;42;25;346;8.2;3;0;80t;4;36;109.8;31;home;2014;W
Peyton Manning;26;21;242;9.3;3;0;48;1;5;143.9;24;home;2014;W
Colin Kaepernick;34;21;248;7.3;1;3;24;4;16;57;20;home;2014;L
Aaron Rodgers;27;16;162;6;1;0;18;2;15;88.8;7;away;2014;L
Tom Brady;37;24;234;6.3;1;0;22;2;13;91.5;16;home;2014;W
Colin Kaepernick;37;29;245;6.6;1;0;32;1;9;103.3;14;away;2014;L
Peyton Manning;49;31;303;6.2;2;1;42;1;7;85.7;20;away;2014;L
Russell Wilson;34;24;258;7.6;2;1;39t;3;20;99.9;26;home;2014;W
Geno Smith;43;26;316;7.3;1;2;51;3;16;71.5;19;home;2014;L
Aaron Rodgers;28;22;302;10.8;4;0;46;1;0;151.2;38;away;2014;W
Geno Smith;33;17;209;6.3;1;1;32;2;5;68.9;17;home;2014;L
Colin Kaepernick;30;17;218;7.3;2;1;55t;4;29;87.9;26;home;2014;W
Tom Brady;23;14;159;6.9;1;2;44t;2;8;59.9;14;away;2014;L
Aaron Rodgers;17;12;156;9.2;3;0;66t;2;14;138.7;42;home;2014;W
Kyle Orton;43;30;308;7.2;1;1;42;2;14;88.1;17;away;2014;L
Peyton Manning;47;31;479;10.2;4;2;86t;1;3;110.2;41;home;2014;W
Colin Kaepernick;26;14;201;7.7;1;0;38;3;15;92;22;home;2014;W
Tom Brady;35;23;292;8.3;2;0;30;1;7;110.7;43;home;2014;W
Russell Wilson;24;18;201;8.4;2;0;36;3;23;127.3;27;away;2014;W
Peyton Manning;33;22;237;7.2;3;0;54;2;16;117.9;31;away;2014;W
Geno Smith;43;23;190;4.4;2;1;27;4;17;70.9;17;home;2014;L
Tom Brady;37;27;361;9.8;4;0;56t;2;15;139.6;37;away;2014;W
Kyle Orton;38;24;299;7.9;2;1;35;5;31;94.1;22;home;2014;L
Aaron Rodgers;42;24;264;6.3;3;0;28;3;16;99.7;27;away;2014;W
Russell Wilson;28;14;126;4.5;0;1;53;2;0;47.6;23;home;2014;L
Colin Kaepernick;35;22;343;9.8;3;0;80t;0;0;123.9;31;away;2014;W
Geno Smith;34;20;226;6.6;1;0;28;3;21;88.6;25;away;2014;L
Tom Brady;37;20;261;7.1;3;0;49t;1;1;103.5;27;home;2014;W
Russell Wilson;36;23;313;8.7;2;0;49;3;21;110.1;26;away;2014;W
Kyle Orton;43;31;283;6.6;2;1;28;6;28;95.4;17;home;2014;W
Aaron Rodgers;22;19;255;11.6;3;0;59t;2;14;154.5;38;home;2014;W
Colin Kaepernick;39;24;263;6.7;1;1;37;6;53;79.3;17;away;2014;L
Peyton Manning;26;22;318;12.2;4;0;49;2;14;157.2;42;home;2014;W
Peyton Manning;35;25;286;8.2;3;0;38;0;0;124.2;35;home;2014;W
Russell Wilson;32;20;199;6.2;1;1;23t;1;8;77.5;13;away;2014;L
Tom Brady;35;30;354;10.1;5;0;46t;0;0;148.4;51;home;2014;W
Kyle Orton;17;10;238;14;4;0;84;4;25;142.8;43;away;2014;W
Aaron Rodgers;39;28;418;10.7;1;2;70t;3;19;93.8;23;away;2014;L
Colin Kaepernick;33;22;237;7.2;1;0;27t;8;54;97.7;10;home;2014;L
Peyton Manning;57;34;438;7.7;2;2;41;1;9;80.9;21;away;2014;L
Tom Brady;53;33;333;6.3;4;1;26;1;1;97.4;43;home;2014;W
Russell Wilson;35;17;179;5.1;0;0;39;1;2;63.9;30;home;2014;W
Kyle Orton;48;29;259;5.4;1;0;25t;1;6;81.9;13;home;2014;L
Colin Kaepernick;32;14;210;6.6;1;0;51;4;24;76.3;27;away;2014;W
Peyton Manning;44;31;340;7.7;5;2;51t;0;0;111.9;41;away;2014;W
Aaron Rodgers;27;18;315;11.7;6;0;73t;0;0;145.8;55;home;2014;W
Kyle Orton;39;22;193;4.9;0;0;19;2;10;69.7;9;away;2014;L
Aaron Rodgers;36;22;341;9.5;3;0;64;1;2;120.3;53;home;2014;W
Russell Wilson;32;20;178;5.6;2;0;27;2;10;98.2;20;away;2014;L
Peyton Manning;54;34;389;7.2;1;2;42t;2;20;75.3;7;away;2014;L
Colin Kaepernick;29;15;193;6.7;1;0;48t;1;8;84.4;16;away;2014;W
Tom Brady;30;19;257;8.6;2;2;39;0;0;85;42;away;2014;W
Tom Brady;53;38;349;6.6;2;1;24;0;0;94;34;home;2014;W
Aaron Rodgers;29;19;209;7.2;2;0;34;1;2;109.7;24;away;2014;W
Kyle Orton;32;24;230;7.2;2;0;37;1;10;115.4;38;home;2014;W
Russell Wilson;22;17;211;9.6;1;0;48;7;42;121.6;19;home;2014;W
Peyton Manning;35;28;257;7.3;4;0;35;1;8;135.4;39;home;2014;W
Colin Kaepernick;29;20;256;8.8;1;1;30t;2;10;93.5;17;home;2014;W
Russell Wilson;22;15;236;10.7;1;0;63;4;14;118.8;19;away;2014;W
Colin Kaepernick;29;16;121;4.2;0;2;16;4;21;36.7;3;home;2014;L
Kyle Orton;31;17;190;6.1;1;2;41;1;9;57.2;26;home;2014;L
Tom Brady;35;22;245;7;2;0;29;1;9;102.7;21;away;2014;L
Aaron Rodgers;38;24;368;9.7;2;0;45t;3;20;112.6;26;home;2014;W
Peyton Manning;34;17;179;5.3;2;0;23t;1;5;85.3;29;away;2014;W
Geno Smith;29;18;254;8.8;1;1;45;3;12;87.4;24;away;2014;L
Kyle Orton;57;38;355;6.2;1;2;35;4;14;74.8;17;away;2014;L
Russell Wilson;37;22;263;7.1;2;0;25;2;11;99.3;24;away;2014;W
Colin Kaepernick;33;18;174;5.3;1;2;23;5;23;54.4;13;away;2014;L
Tom Brady;44;28;317;7.2;2;1;69t;1;7;90.8;23;away;2014;W
Aaron Rodgers;36;24;327;9.1;3;0;60t;1;4;123.3;43;home;2014;W
Tom Brady;35;21;287;8.2;2;1;35;0;0;93.4;41;home;2014;W
Aaron Rodgers;42;17;185;4.4;0;2;20;1;10;34.3;13;away;2014;L
Kyle Orton;27;14;158;5.9;0;1;40;3;18;54.2;21;home;2014;W
Geno Smith;28;16;179;6.4;1;0;48;3;16;88.2;16;away;2014;W
Peyton Manning;20;14;233;11.7;1;0;36;1;7;125.6;22;away;2014;W
Colin Kaepernick;24;15;114;4.8;1;0;20;2;22;87.8;35;home;2014;L
Aaron Rodgers;40;31;318;8;1;0;30;1;8;108.1;20;away;2014;W
Tom Brady;35;23;182;5.2;1;1;14;4;36;76.1;17;away;2014;W
Geno Smith;27;17;210;7.8;1;1;26;2;19;83.9;16;home;2014;L
Kyle Orton;49;32;329;6.7;3;2;42t;2;21;87.9;24;away;2014;L
Russell Wilson;31;20;339;10.9;2;0;80t;1;10;122.9;35;away;2014;W
Peyton Manning;44;28;311;7.1;2;4;46;2;11;61.8;28;away;2014;L
Aaron Rodgers;22;17;226;10.3;2;0;34;0;0;139.6;30;home;2014;W
Geno Smith;25;20;358;14.3;3;0;74t;1;6;158.3;37;away;2014;W
Kyle Orton;23;16;176;7.7;1;0;43;2;12;106.4;17;away;2014;W
Peyton Manning;37;21;273;7.4;0;0;35;1;3;80.1;47;home;2014;W
Colin Kaepernick;26;15;204;7.8;2;0;76t;1;15;108.5;20;home;2014;W
Russell Wilson;25;17;239;9.6;0;1;38;3;17;81.9;20;home;2014;W
Jay Cutler;36;18;225;6.2;1;1;50;2;12;67.5;23;home;2015;L
Brian Hoyer;34;18;236;6.9;1;1;32;4;29;72.7;20;home;2015;L
Kirk Cousins;31;21;196;6.3;1;2;25;1;8;68.8;10;home;2015;L
Blake Bortles;40;22;183;4.6;1;2;27;5;14;54.5;9;home;2015;L
Carson Palmer;32;19;307;9.6;3;0;55t;0;0;122.8;31;home;2015;W
Matthew Stafford;30;19;246;8.2;2;2;36;1;13;83.5;28;away;2015;L
Jameis Winston;33;16;210;6.4;2;2;41t;4;29;64;14;home;2015;L
Derek Carr;12;7;61;5.1;0;0;24;0;0;71.9;13;home;2015;L
Tony Romo;45;36;356;7.9;3;2;25;0;0;103.3;27;home;2015;W
Sam Bradford;52;36;336;6.5;1;2;25;0;0;77.1;24;away;2015;L
Teddy Bridgewater;32;23;231;7.2;0;1;27;5;54;79;3;away;2015;L
Jameis Winston;21;14;207;9.9;1;0;54;3;13;114.6;26;away;2015;W
Matthew Stafford;53;32;286;5.4;2;1;19;1;1;79.6;16;away;2015;L
Carson Palmer;24;17;185;7.7;4;1;28t;0;0;115.5;48;away;2015;W
Kirk Cousins;27;23;203;7.5;1;0;35;2;12;110.3;24;home;2015;W
Blake Bortles;33;18;273;8.3;2;0;52;0;0;102.2;23;home;2015;W
Derek Carr;46;30;351;7.6;3;1;68t;1;0;100.9;37;home;2015;W
Tony Romo;27;18;195;7.2;0;0;39;3;18;87.7;20;away;2015;W
Sam Bradford;37;23;224;6.1;1;2;32;1;5;65.6;10;home;2015;L
Kirk Cousins;49;30;316;6.4;1;2;26;1;11;69.8;21;away;2015;L
Derek Carr;32;20;314;9.8;2;0;55;0;0;115.9;27;away;2015;W
Blake Bortles;33;17;242;7.3;2;1;59t;2;6;83.1;17;away;2015;L
Sam Bradford;28;14;118;4.2;1;0;23t;1;10;73.2;24;away;2015;W
Jameis Winston;36;17;261;7.2;1;1;33;0;0;69.3;9;away;2015;L
Carson Palmer;32;20;311;9.7;2;1;40;1;4;102.5;47;home;2015;W
Matthew Stafford;45;31;282;6.3;1;2;33;4;20;74.5;12;home;2015;L
Blake Bortles;50;28;298;6;1;0;48;1;9;80.3;13;away;2015;L
Jameis Winston;43;26;287;6.7;2;4;23;2;17;57;23;home;2015;L
Sam Bradford;28;15;270;9.6;3;0;62t;5;37;122.6;20;away;2015;W
Kirk Cousins;46;31;290;6.3;1;0;43;1;0;91.8;23;home;2015;W
Derek Carr;33;20;196;5.9;2;1;26t;2;23;84.9;20;away;2015;L
Jay Cutler;43;28;281;6.5;2;1;38;3;8;89.4;22;home;2015;W
Brian Hoyer;30;17;232;7.7;2;0;42;1;8;103.7;21;away;2015;L
Carson Palmer;46;29;352;7.7;1;1;23t;4;18;84.7;22;home;2015;L
Teddy Bridgewater;41;27;269;6.6;1;0;25;7;57;92.4;20;away;2015;L
Matthew Stafford;35;24;203;5.8;0;0;26;0;0;83.4;10;away;2015;L
Brian Hoyer;31;24;312;10.1;2;1;42t;0;0;116.6;20;home;2015;L
Jay Cutler;45;26;252;5.6;2;0;33;2;11;88.4;18;away;2015;W
Kirk Cousins;32;21;219;6.8;1;2;26;1;0;69.7;19;away;2015;L
Blake Bortles;33;23;303;9.2;4;1;59;6;33;125.4;31;away;2015;L
Sam Bradford;45;32;333;7.4;2;2;41t;0;0;88.5;39;home;2015;W
Carson Palmer;14;11;161;11.5;3;0;49;2;13;154.2;42;away;2015;W
Matthew Stafford;32;20;188;5.9;1;3;48;1;0;50;17;home;2015;L
Derek Carr;39;26;249;6.4;1;1;33;4;26;82.1;10;home;2015;L
Kirk Cousins;43;25;196;4.6;1;2;20;1;5;57.9;20;away;2015;L
Carson Palmer;45;29;421;9.4;1;2;45;1;7;83.7;13;away;2015;L
Teddy Bridgewater;31;17;249;8;1;2;52;2;12;65.1;16;home;2015;W
Jay Cutler;41;26;353;8.6;1;1;46;1;0;88.8;34;away;2015;L
Matthew Stafford;42;27;405;9.6;4;1;57;2;14;117.7;37;home;2015;W
Brian Hoyer;36;24;293;8.1;3;0;31;1;6;119.3;31;away;2015;W
Blake Bortles;53;30;331;6.2;3;3;29t;3;20;70.6;20;home;2015;L
Sam Bradford;38;24;280;7.4;1;3;43;1;10;61.3;27;home;2015;L
Blake Bortles;29;13;182;6.3;2;1;31t;2;7;74.2;34;home;2015;W
Jameis Winston;29;21;297;10.2;2;0;40t;1;8;128.1;30;away;2015;W
Kirk Cousins;40;33;317;7.9;3;0;38;1;12;124.7;31;home;2015;W
Teddy Bridgewater;35;25;316;9;2;0;49;4;31;118.3;28;away;2015;W
Matthew Stafford;26;18;256;9.8;2;0;55;7;59;126.4;19;home;2015;L
Brian Hoyer;49;23;273;5.6;3;1;27t;4;22;76.3;26;away;2015;L
Derek Carr;31;24;289;9.3;3;0;52t;1;7;137.7;37;away;2015;W
Matt Cassel;27;17;227;8.4;1;3;35;1;0;62.3;20;away;2015;L
Sam Bradford;46;26;205;4.5;0;1;24;5;33;58.7;16;away;2015;L
Carson Palmer;29;20;275;9.5;2;0;35;2;11;122.1;26;home;2015;W
Matthew Stafford;36;22;217;6;1;2;30;6;32;64.2;10;away;2015;L
Jameis Winston;29;16;177;6.1;1;0;28;2;4;85;23;away;2015;W
Carson Palmer;38;23;374;9.8;4;1;60t;1;2;117.7;34;away;2015;W
Teddy Bridgewater;30;17;187;6.2;1;1;40t;1;7;72.5;23;away;2015;W
Jay Cutler;33;22;211;6.4;1;0;28;1;3;94.4;20;home;2015;L
Brian Hoyer;35;23;235;6.7;2;0;42t;3;21;103.9;20;home;2015;W
Derek Carr;36;23;333;9.2;4;0;59t;0;0;130.9;34;home;2015;W
Matt Cassel;25;13;97;3.9;0;0;15;1;6;61.6;12;home;2015;L
Kirk Cousins;40;22;217;5.4;1;1;36;1;4;68.4;10;away;2015;L
Teddy Bridgewater;21;13;144;6.9;0;1;30;0;0;62.4;21;home;2015;W
Blake Bortles;40;24;381;9.5;2;2;44;6;43;87.6;23;away;2015;L
Derek Carr;44;24;301;6.8;4;1;38t;0;0;96.9;35;away;2015;L
Jameis Winston;36;19;247;6.9;0;0;68;0;0;74.7;18;home;2015;L
Sam Bradford;36;25;295;8.2;1;0;44;1;8;103.4;33;away;2015;W
Matt Cassel;38;25;299;7.9;3;1;51;4;22;105;27;home;2015;L
Jay Cutler;40;27;345;8.6;2;1;47;1;8;100.5;22;away;2015;W
Matthew Stafford;38;24;242;6.4;2;1;43;0;0;87.8;18;away;2015;W
Matt Cassel;29;19;186;6.4;0;1;24;3;12;69;6;away;2015;L
Jameis Winston;39;22;264;6.8;0;2;26;2;18;55.9;10;home;2015;L
Jay Cutler;24;19;258;10.8;3;0;87t;2;14;151;37;away;2015;W
Kirk Cousins;25;20;324;13;4;0;78t;3;23;158.3;47;home;2015;W
Sam Bradford;25;19;236;9.4;1;0;60;4;39;118.1;19;home;2015;L
Teddy Bridgewater;22;14;140;6.4;1;0;37;4;18;96.8;30;away;2015;W
Derek Carr;43;29;302;7;2;2;38;2;15;83.7;14;home;2015;L
Carson Palmer;47;29;363;7.7;3;1;35t;3;29;98.1;39;away;2015;W
Blake Bortles;30;21;242;8.1;1;1;38;4;24;91.2;19;home;2015;W
Derek Carr;25;13;169;6.8;0;0;43;1;5;73.6;13;away;2015;L
Matthew Stafford;35;22;282;8.1;0;0;36;4;16;88;18;home;2015;W
Jameis Winston;29;19;246;8.5;5;0;27;1;8;131.6;45;away;2015;W
Jay Cutler;32;18;265;8.3;0;1;40;2;4;70.4;15;home;2015;L
Teddy Bridgewater;37;25;296;8;1;0;47t;6;48;100.7;13;home;2015;L
Tony Romo;28;18;227;8.1;2;2;31t;2;7;83.5;24;away;2015;W
Kirk Cousins;30;22;207;6.9;1;1;56t;5;35;89.2;16;away;2015;L
Carson Palmer;31;20;317;10.2;4;2;64t;2;16;111.2;34;home;2015;W
Matthew Stafford;38;27;337;8.9;5;0;39;2;15;137.8;45;home;2015;W
Tony Romo;21;11;106;5;0;3;21;1;10;27.2;14;home;2015;L
Jay Cutler;31;19;200;6.5;1;0;22;1;11;90.8;17;away;2015;W
Brian Hoyer;27;21;205;7.6;2;1;37;1;10;107.6;24;home;2015;W
Teddy Bridgewater;28;20;174;6.2;0;1;23;0;0;72.6;20;away;2015;W
Kirk Cousins;29;20;302;10.4;1;0;63t;0;0;114.4;20;home;2015;W
Jameis Winston;36;20;245;6.8;1;1;21;5;33;74.4;12;away;2015;L
Derek Carr;37;24;330;8.9;3;0;41;1;7;120.3;24;away;2015;W
Blake Bortles;49;30;329;6.7;2;1;34;2;11;86.2;25;home;2015;L
Carson Palmer;40;24;271;6.8;0;0;48;1;4;80.3;19;away;2015;W
Matthew Stafford;35;23;220;6.3;2;0;29;3;15;102.1;23;home;2015;L
Carson Palmer;40;26;356;8.9;2;0;68;2;13;110;27;away;2015;W
Jameis Winston;27;18;227;8.4;1;1;36;1;5;89.6;23;home;2015;W
Teddy Bridgewater;28;17;118;4.2;0;1;25;4;24;55.4;7;home;2015;L
Brian Hoyer;43;26;293;6.8;3;1;29;2;18;94.4;21;away;2015;L
Blake Bortles;36;24;322;8.9;5;0;67;2;20;134.5;39;away;2015;W
Jay Cutler;31;18;202;6.5;0;1;31;1;8;64.2;20;home;2015;L
Derek Carr;48;31;283;5.9;2;3;25t;4;21;68.3;20;home;2015;L
Sam Bradford;24;14;120;5;2;0;20;1;0;99.3;35;away;2015;W
Matt Cassel;29;16;223;7.7;0;0;42;1;2;80.1;19;away;2015;W
Kirk Cousins;31;22;219;7.1;1;0;28t;3;26;101.4;16;home;2015;L
Teddy Bridgewater;36;25;335;9.3;1;0;41;3;18;108;20;away;2015;L
Carson Palmer;35;25;310;8.9;2;0;65t;2;14;117.6;23;home;2015;W
Sam Bradford;38;23;247;6.5;1;1;53t;1;15;77.4;23;home;2015;W
Matthew Stafford;46;30;245;5.3;2;1;16;4;25;84.1;14;away;2015;L
Jameis Winston;32;18;182;5.7;1;0;22;1;6;83.1;17;home;2015;L
Brian Hoyer;22;11;155;7;0;0;49;5;54;73.1;6;home;2015;L
Blake Bortles;30;16;250;8.3;3;0;80t;3;24;114.6;51;home;2015;W
Kirk Cousins;31;24;300;9.7;1;1;32;3;25;104.2;24;away;2015;W
Jay Cutler;31;19;315;10.2;2;0;50;3;25;117;21;home;2015;W
Derek Carr;29;12;135;4.7;2;0;29;3;36;79;15;away;2015;W
Matt Cassel;29;13;114;3.9;0;1;19;2;15;41.5;7;away;2015;L
Jameis Winston;50;29;363;7.3;2;1;44;0;0;85.7;23;away;2015;L
Jay Cutler;37;26;231;6.2;2;1;20;5;32;93.4;17;away;2015;L
Teddy Bridgewater;20;17;231;11.6;4;0;34;1;10;154.4;38;home;2015;W
Blake Bortles;38;23;297;7.8;1;1;30;2;12;82.9;17;home;2015;L
Carson Palmer;32;20;274;8.6;1;0;36;2;11;100.3;40;away;2015;W
Sam Bradford;41;28;361;8.8;2;2;78t;2;11;91.6;17;home;2015;L
Kirk Cousins;28;22;319;11.4;4;0;77t;1;11;153.7;35;home;2015;W
Derek Carr;47;23;276;5.9;2;2;41;3;24;63.8;20;home;2015;L
Matthew Stafford;25;22;254;10.2;3;0;45;3;8;148.6;35;away;2015;W
Derek Carr;38;23;204;5.4;1;1;33;3;29;72.7;23;home;2015;W
Kirk Cousins;46;31;365;7.9;4;0;28;2;14;120.3;38;away;2015;W
Sam Bradford;56;37;380;6.8;1;0;43;5;27;91.4;24;home;2015;L
Blake Bortles;35;27;368;10.5;4;2;90t;2;21;124.5;27;away;2015;L
Matthew Stafford;37;29;301;8.1;2;0;36;2;17;118.6;32;home;2015;W
Jay Cutler;27;20;156;5.8;1;0;25;1;3;100.2;26;away;2015;W
Jameis Winston;29;15;295;10.2;2;1;50t;1;10;96.2;21;home;2015;L
Teddy Bridgewater;25;15;168;6.7;1;0;28t;3;18;93.4;49;home;2015;W
Carson Palmer;27;18;265;9.8;2;1;47;2;9;107.8;38;home;2015;W
Jameis Winston;47;29;325;6.9;0;2;30;2;16;64.6;10;away;2015;L
Blake Bortles;32;17;239;7.5;0;2;45;8;56;51.4;6;away;2015;L
Brian Hoyer;40;25;249;6.2;1;1;27;2;7;78;30;home;2015;W
Derek Carr;33;21;194;5.9;1;1;31t;6;37;77.1;17;away;2015;L
Kirk Cousins;15;12;176;11.7;3;0;44;0;0;155.1;34;away;2015;W
Sam Bradford;38;30;320;8.4;2;1;60;1;5;108.3;35;away;2015;W
Matthew Stafford;39;28;298;7.6;3;0;36t;4;16;119.4;24;away;2015;W
Jay Cutler;23;17;245;10.7;2;3;45;4;11;97.5;20;home;2015;L
Carson Palmer;25;12;129;5.2;1;1;19;0;0;60.2;6;home;2015;L
Jameis Winston;32;23;281;8.8;4;1;45t;0;0;125.1;31;away;2016;W
Carson Wentz;37;22;278;7.5;2;0;35t;2;8;101;29;home;2016;W
Derek Carr;38;24;319;8.4;1;0;43;0;0;98.5;35;away;2016;W
Blake Bortles;39;24;320;8.2;1;1;38;3;20;85.4;23;home;2016;L
Dak Prescott;45;25;227;5;0;0;21;0;0;69.4;19;home;2016;L
Matthew Stafford;39;31;340;8.7;3;0;32;1;8;128.6;39;away;2016;W
Carson Palmer;37;24;271;7.3;2;0;39;3;19;104.7;21;home;2016;L
Kirk Cousins;43;30;329;7.7;0;2;33;0;0;72.7;16;home;2016;L
Dak Prescott;30;22;292;9.7;0;0;29;4;14;103.7;27;away;2016;W
Kirk Cousins;46;28;364;7.9;1;1;57;2;14;84;23;home;2016;L
Matthew Stafford;40;22;260;6.5;1;1;47;4;22;72.9;15;home;2016;L
Jameis Winston;52;27;243;4.7;1;4;24;3;22;39.2;7;away;2016;L
Carson Palmer;30;17;304;10.1;3;0;58;1;4;124.9;40;home;2016;W
Blake Bortles;50;31;329;6.6;2;2;35;2;10;77.8;14;away;2016;L
Derek Carr;45;34;299;6.6;3;0;31t;1;0;115;28;home;2016;L
Sam Bradford;31;22;286;9.2;2;0;46;4;32;121.2;17;home;2016;W
Carson Wentz;34;21;190;5.6;1;0;32;2;10;86.6;29;away;2016;W
Carson Palmer;50;26;287;5.7;0;4;25;5;27;36;18;away;2016;L
Derek Carr;35;21;249;7.1;1;1;31;1;4;79.3;17;away;2016;W
Kirk Cousins;35;21;296;8.5;2;0;55t;2;14;106.4;29;away;2016;W
Blake Bortles;38;24;194;5.1;2;3;20;4;26;60.6;17;home;2016;L
Matthew Stafford;41;28;385;9.4;3;1;73t;3;17;112.3;27;away;2016;L
Sam Bradford;28;18;171;6.1;1;0;19;2;18;93;22;away;2016;W
Jameis Winston;58;36;405;7;3;1;33;2;16;93;32;home;2016;L
Carson Wentz;31;23;301;9.7;2;0;73t;0;0;125.9;34;home;2016;W
Dak Prescott;24;19;248;10.3;1;0;47;0;0;123.6;31;home;2016;W
Blake Bortles;33;19;207;6.3;2;0;42t;3;12;96.4;30;home;2016;W
Kirk Cousins;27;21;183;6.8;3;1;26;3;27;116.5;31;home;2016;W
Derek Carr;35;25;199;5.7;4;0;23t;0;0;123.4;28;away;2016;W
Matthew Stafford;36;23;213;5.9;0;2;22;2;16;56.8;14;away;2016;L
Jameis Winston;35;17;179;5.1;0;2;25;5;36;40.1;7;home;2016;L
Carson Palmer;36;23;288;8;1;1;29;3;23;86.3;13;home;2016;L
Dak Prescott;32;23;245;7.7;2;0;47;2;11;114.7;24;away;2016;W
Sam Bradford;36;26;262;7.3;1;0;40;0;0;101.9;24;home;2016;W
Carson Wentz;33;25;238;7.2;2;1;27;3;8;102.8;23;away;2016;L
Matthew Stafford;25;19;180;7.2;3;0;27;4;16;135;24;home;2016;W
Kirk Cousins;41;29;260;6.3;1;1;27;1;10;85.4;16;away;2016;W
Sam Bradford;30;22;271;9;2;0;36t;2;16;123.1;31;home;2016;W
Dak Prescott;24;18;227;9.5;1;0;31;1;5;117.9;28;home;2016;W
Derek Carr;40;25;317;7.9;2;1;64t;3;17;93.4;34;home;2016;W
Jameis Winston;30;18;219;7.3;1;0;38;2;17;93.6;17;away;2016;W
Carson Wentz;22;11;179;8.1;0;0;54;5;34;77.7;20;away;2016;L
Kirk Cousins;34;18;263;7.7;2;1;37;0;0;85.8;27;home;2016;W
Blake Bortles;33;20;271;8.2;1;1;51t;2;8;84.3;17;away;2016;W
Matthew Stafford;31;23;270;8.7;4;0;61;1;5;139.8;31;home;2016;W
Derek Carr;34;22;225;6.6;1;1;24;2;4;81.1;10;home;2016;L
Dak Prescott;27;18;247;9.1;3;1;42;2;14;117.4;30;away;2016;W
Carson Palmer;34;23;213;6.3;1;0;14;0;0;94.4;28;home;2016;W
Sam Bradford;41;24;224;5.5;1;1;27;6;35;71.6;10;away;2016;L
Kirk Cousins;39;30;301;7.7;1;0;27;2;18;106.9;17;away;2016;L
Matthew Stafford;29;18;266;9.2;1;0;52;3;16;103.5;20;home;2016;W
Derek Carr;37;23;200;5.4;1;0;56;0;0;85.4;33;away;2016;W
Blake Bortles;43;23;246;5.7;1;2;39;1;7;58.9;16;home;2016;L
Jameis Winston;30;21;269;9;3;1;31;2;5;117.2;34;away;2016;W
Carson Palmer;49;29;342;7;0;0;40;4;31;80.5;6;home;2016;L
Blake Bortles;54;33;337;6.2;3;0;31;2;15;97.5;22;away;2016;L
Kirk Cousins;56;38;458;8.2;2;1;44;1;12;97.2;27;away;2016;L
Derek Carr;59;40;513;8.7;4;0;68;2;15;117.4;30;away;2016;W
Jameis Winston;32;16;180;5.6;2;0;42;2;12;88;24;home;2016;L
Matthew Stafford;41;27;240;5.9;1;0;34;1;9;89.5;13;away;2016;L
Carson Palmer;46;35;363;7.9;3;1;21;8;47;111.1;20;away;2016;L
Carson Wentz;43;32;202;4.7;1;0;14;3;8;91.4;23;away;2016;L
Dak Prescott;39;19;287;7.4;2;1;53;2;14;79.8;29;home;2016;W
Sam Bradford;37;23;228;6.2;1;0;31;5;27;88.6;10;away;2016;L
Jameis Winston;37;23;261;7.1;3;0;28;2;10;110.3;28;home;2016;L
Matthew Stafford;36;23;219;6.1;2;1;28t;1;5;87.6;22;away;2016;W
Sam Bradford;40;31;273;6.8;1;0;32;2;14;103.4;16;home;2016;L
Carson Wentz;47;27;364;7.7;0;2;58;2;17;64.5;23;away;2016;L
Blake Bortles;41;22;252;6.1;2;1;51;2;8;78.5;14;away;2016;L
Dak Prescott;27;21;247;9.1;3;0;35;0;0;141.8;35;away;2016;W
Derek Carr;31;20;184;5.9;0;0;21;2;5;80.6;30;home;2016;W
Blake Bortles;49;32;265;5.4;2;1;19;2;18;84.1;21;home;2016;L
Carson Wentz;36;25;231;6.4;0;0;20;2;10;86.7;24;home;2016;W
Jameis Winston;33;23;312;9.5;2;1;43t;4;32;107.1;36;home;2016;W
Sam Bradford;40;31;307;7.7;2;1;36;3;23;104.9;20;away;2016;L
Kirk Cousins;33;22;262;7.9;2;0;38t;1;2;110.9;26;home;2016;W
Carson Palmer;49;30;376;7.7;1;2;35;2;13;74.9;23;home;2016;W
Dak Prescott;32;22;319;10;2;0;83t;2;24;121.7;35;away;2016;W
Dak Prescott;36;27;301;8.4;3;0;41;1;2;127.2;27;home;2016;W
Blake Bortles;35;22;202;5.8;2;2;29;0;0;73.8;19;away;2016;L
Matthew Stafford;33;24;278;8.4;0;0;61;3;15;97.8;26;home;2016;W
Jameis Winston;39;24;331;8.5;1;0;31;1;5;97.3;19;away;2016;W
Carson Palmer;38;20;198;5.2;2;2;29t;4;43;63.3;24;away;2016;L
Sam Bradford;28;20;169;6;1;0;30;2;24;98.7;30;home;2016;W
Carson Wentz;45;23;218;4.8;2;2;26;2;23;61.2;15;away;2016;L
Kirk Cousins;30;21;375;12.5;3;0;70t;2;11;145.8;42;home;2016;W
Derek Carr;31;21;295;9.5;3;1;75t;0;0;117;27;home;2016;W
Sam Bradford;37;31;224;6.1;0;1;41;0;0;80.6;13;away;2016;L
Matthew Stafford;40;23;232;5.8;1;0;41;2;18;82.5;16;home;2016;W
Kirk Cousins;53;41;449;8.5;3;0;67t;0;0;120.7;26;away;2016;W
Dak Prescott;24;17;195;8.1;1;0;26;1;5;108.9;31;home;2016;W
Matt Barkley;54;28;316;5.9;3;2;23;0;0;72.8;21;home;2016;L
Blake Bortles;26;13;126;4.8;2;0;24;2;8;89.6;21;away;2016;L
Carson Palmer;45;25;289;6.4;2;1;25;2;15;80.7;19;away;2016;L
Jameis Winston;28;21;220;7.9;2;1;27;0;0;106.2;14;home;2016;W
Derek Carr;38;26;315;8.3;2;1;49;1;5;100.2;35;home;2016;W
Carson Wentz;36;24;254;7.1;0;1;24;4;43;75.5;13;home;2016;L
Sam Bradford;45;32;247;5.5;1;0;25;2;15;91.6;15;home;2016;L
Matthew Stafford;42;30;341;8.1;2;0;66t;2;4;111.3;28;away;2016;W
Blake Bortles;42;19;181;4.3;0;2;21;1;2;37.9;10;home;2016;L
Carson Wentz;60;36;308;5.1;1;3;41;1;2;58.2;14;away;2016;L
Derek Carr;35;19;260;7.4;2;0;37t;0;0;97.3;38;home;2016;W
Kirk Cousins;37;21;271;7.3;1;1;59;2;25;77.6;23;away;2016;L
Carson Palmer;46;30;300;6.5;3;0;42t;2;19;105.3;31;home;2016;W
Jameis Winston;30;20;280;9.3;1;1;38;1;12;93.8;28;away;2016;W
Derek Carr;41;17;117;2.9;0;0;18;1;8;49.1;13;away;2016;L
Jameis Winston;26;16;184;7.1;0;0;18;2;18;82.9;16;home;2016;W
Kirk Cousins;21;14;234;11.1;2;1;80t;2;7;116;27;away;2016;W
Carson Wentz;46;32;314;6.8;1;1;29;4;26;86.7;22;home;2016;L
Carson Palmer;33;18;145;4.4;2;2;15;3;20;60.8;23;away;2016;L
Matt Barkley;32;20;212;6.6;1;0;31t;1;8;92.2;17;away;2016;L
Matthew Stafford;35;21;223;6.4;1;2;48;3;14;64.3;20;home;2016;W
Sam Bradford;34;24;292;8.6;1;0;45;0;0;106.5;25;away;2016;W
Blake Bortles;37;23;257;6.9;1;0;39;4;27;91.8;16;home;2016;L
Dak Prescott;37;17;165;4.5;1;2;31t;3;13;45.4;7;away;2016;L
Matt Barkley;43;30;362;8.4;2;3;34;1;8;81.7;27;home;2016;L
Jameis Winston;35;17;247;7.1;2;3;42t;4;23;55.3;20;away;2016;L
Dak Prescott;36;32;279;7.8;0;0;23;3;15;99;26;home;2016;W
Blake Bortles;28;12;92;3.3;0;1;15;2;9;36.6;20;away;2016;L
Carson Wentz;42;22;170;4;0;1;24;1;11;52.7;26;away;2016;L
Matthew Stafford;39;24;273;7;0;1;67;1;5;71.8;6;away;2016;L
Sam Bradford;42;32;291;6.9;0;1;28;5;43;84.5;6;home;2016;L
Carson Palmer;40;28;318;8;2;0;30t;1;9;110.2;41;home;2016;L
Derek Carr;30;19;213;7.1;1;1;28;2;13;81.7;19;away;2016;W
Kirk Cousins;47;32;315;6.7;0;1;23;1;9;77.9;15;home;2016;L
Carson Wentz;24;13;152;6.3;1;1;40t;0;0;70.1;24;home;2016;W
Jameis Winston;35;23;277;7.9;2;2;34t;2;17;85.1;24;away;2016;L
Blake Bortles;38;26;325;8.6;1;0;37;2;14;103.5;38;home;2016;W
Sam Bradford;50;34;382;7.6;3;0;71t;4;29;110.6;25;away;2016;L
Kirk Cousins;29;18;270;9.3;1;0;57;0;0;104.1;41;away;2016;W
Matt Barkley;40;24;323;8.1;2;5;37;1;5;62.8;21;home;2016;L
Derek Carr;31;21;232;7.5;3;0;35;1;8;122;33;home;2016;W
Carson Palmer;26;16;284;10.9;1;0;80t;1;8;111.7;34;away;2016;W
Matthew Stafford;46;26;260;5.7;0;1;21;4;31;63.7;21;away;2016;L
Dak Prescott;20;15;212;10.6;3;0;30;1;11;148.3;42;home;2016;W
Kirk Cousins;35;22;287;8.2;1;2;49;4;41;74.3;10;home;2016;L
Matthew Stafford;41;26;347;8.5;2;1;35t;2;15;96.3;24;home;2016;L
Blake Bortles;39;25;301;7.7;1;0;42;2;13;96.2;20;away;2016;L
Sam Bradford;33;25;250;7.6;3;1;39;0;0;114.5;38;home;2016;W
Carson Wentz;43;27;245;5.7;2;0;20t;2;13;93.7;27;home;2016;W
Carson Palmer;38;20;255;6.7;3;1;37t;1;3;89.3;44;away;2016;W
